Bag Barcode,Batch No,Entry Date,Shift,Machine,Part No / Code,Bag Type,Weight (kg),Approx Qty,Sheet Status,Trim Required (Part Master),Trim Logged?,Inspection Logged?,Packing Logged?,Current Lifecycle Status,Next Stage / Availability
"34240826A-001","34240826A","2026-08-24","A","HSIM - 04","LBC","PART",7.1,993,"OPEN",YES,NO,NO,NO,"OPEN","🟢 Ready for Trimming Stage"
"34240826A-002","34240826A","2026-08-24","A","HSIM - 04","LBC","PART",8.5,1189,"OPEN",YES,NO,NO,NO,"OPEN","🟢 Ready for Trimming Stage"
"34240826A-003","34240826A","2026-08-24","A","HSIM - 04","LBC","PART",5.87,821,"OPEN",YES,NO,NO,NO,"OPEN","🟢 Ready for Trimming Stage"
"34240826A-R01","34240826A","2026-08-24","A","HSIM - 04","LBC","RUNNER",3.88,0,"OPEN",YES,NO,NO,NO,"OPEN","Runner Scrap Weighment"
"34240826A-R02","34240826A","2026-08-24","A","HSIM - 04","LBC","RUNNER",2.43,0,"OPEN",YES,NO,NO,NO,"OPEN","Runner Scrap Weighment"
"4240826A-001","4240826A","2026-08-24","A","HSIM - 05","F442 KQ","PART",6.25,1443,"INSPECTED",YES,NO,NO,NO,"INSPECTED","Ready for Packing Stage"
"4240826A-002","4240826A","2026-08-24","A","HSIM - 05","F442 KQ","PART",5.93,1370,"OPEN",YES,NO,NO,NO,"OPEN","🟢 Ready for Trimming Stage"
"4240826A-003","4240826A","2026-08-24","A","HSIM - 05","F442 KQ","PART",5.17,1194,"TRIMMED",YES,NO,NO,NO,"TRIMMED","Ready for Inspection Stage"
"4240826A-R01","4240826A","2026-08-24","A","HSIM - 05","F442 KQ","RUNNER",3.11,0,"OPEN",YES,NO,NO,NO,"OPEN","Runner Scrap Weighment"
"29240826A-001","29240826A","2026-08-24","A","VSIM - 01","2800","PART",4.87,2155,"PACKED",YES,NO,NO,NO,"PACKED","Completed / Ready for Dispatch"
"29240826A-002","29240826A","2026-08-24","A","VSIM - 01","2800","PART",4.27,1889,"PACKED",YES,NO,NO,NO,"PACKED","Completed / Ready for Dispatch"
"29240826A-003","29240826A","2026-08-24","A","VSIM - 01","2800","PART",4.89,2164,"PACKED",YES,NO,NO,NO,"PACKED","Completed / Ready for Dispatch"
"29240826B-001","29240826B","2026-08-24","B","VSIM - 01","2800","PART",4.35,1582,"PACKED",YES,NO,NO,NO,"PACKED","Completed / Ready for Dispatch"
"29240826B-002","29240826B","2026-08-24","B","VSIM - 01","2800","PART",4.59,1669,"OPEN",YES,NO,NO,NO,"OPEN","🟢 Ready for Trimming Stage"
"29240826B-003","29240826B","2026-08-24","B","VSIM - 01","2800","PART",4.73,1720,"OPEN",YES,NO,NO,NO,"OPEN","🟢 Ready for Trimming Stage"
"29240826B-004","29240826B","2026-08-24","B","VSIM - 01","2800","PART",5.3,1927,"OPEN",YES,NO,NO,NO,"OPEN","🟢 Ready for Trimming Stage"
"18240826B-001","18240826B","2026-08-24","B","VIM - 02","QQVBA W","PART",4.79,2083,"PACKED",YES,NO,NO,NO,"PACKED","Completed / Ready for Dispatch"
"18240826B-002","18240826B","2026-08-24","B","VIM - 02","QQVBA W","PART",1.48,643,"PACKED",YES,NO,NO,NO,"PACKED","Completed / Ready for Dispatch"
"30250826A-001","30250826A","2026-08-25","A","HSIM - 02","VPAA","PART",1.67,668,"PACKED",YES,NO,NO,NO,"PACKED","Completed / Ready for Dispatch"
"35250826A-001","35250826A","2026-08-25","A","HSIM - 03","LAC Blue","PART",10.33,2327,"PACKED",YES,NO,NO,NO,"PACKED","Completed / Ready for Dispatch"
"35250826A-002","35250826A","2026-08-25","A","HSIM - 03","LAC Blue","PART",10,2252,"PACKED",YES,NO,NO,NO,"PACKED","Completed / Ready for Dispatch"
"35250826A-003","35250826A","2026-08-25","A","HSIM - 03","LAC Blue","PART",9.61,2164,"PACKED",YES,NO,NO,NO,"PACKED","Completed / Ready for Dispatch"
"35250826A-R01","35250826A","2026-08-25","A","HSIM - 03","LAC Blue","RUNNER",9.69,0,"OPEN",YES,NO,NO,NO,"OPEN","Runner Scrap Weighment"
"7250826A-001","7250826A","2026-08-25","A","HSIM - 02","F710","PART",8.5,2471,"OPEN",YES,NO,NO,NO,"OPEN","🟢 Ready for Trimming Stage"
"7250826A-002","7250826A","2026-08-25","A","HSIM - 02","F710","PART",2.66,773,"OPEN",YES,NO,NO,NO,"OPEN","🟢 Ready for Trimming Stage"
"7250826A-R01","7250826A","2026-08-25","A","HSIM - 02","F710","RUNNER",1.3,0,"OPEN",YES,NO,NO,NO,"OPEN","Runner Scrap Weighment"
"35250826B-001","35250826B","2026-08-25","B","HSIM - 03","LAC Blue","PART",9.95,2241,"PACKED",YES,NO,NO,NO,"PACKED","Completed / Ready for Dispatch"
"35250826B-002","35250826B","2026-08-25","B","HSIM - 03","LAC Blue","PART",10.44,2351,"PACKED",YES,NO,NO,NO,"PACKED","Completed / Ready for Dispatch"
"35250826B-003","35250826B","2026-08-25","B","HSIM - 03","LAC Blue","PART",11.38,2563,"PACKED",YES,NO,NO,NO,"PACKED","Completed / Ready for Dispatch"
"35250826B-004","35250826B","2026-08-25","B","HSIM - 03","LAC Blue","PART",13.53,3047,"PACKED",YES,NO,NO,NO,"PACKED","Completed / Ready for Dispatch"
"35250826B-005","35250826B","2026-08-25","B","HSIM - 03","LAC Blue","PART",13.06,2941,"PACKED",YES,NO,NO,NO,"PACKED","Completed / Ready for Dispatch"
"35250826B-006","35250826B","2026-08-25","B","HSIM - 03","LAC Blue","PART",10.92,2459,"PACKED",YES,NO,NO,NO,"PACKED","Completed / Ready for Dispatch"
"35250826B-R01","35250826B","2026-08-25","B","HSIM - 03","LAC Blue","RUNNER",4.8,0,"OPEN",YES,NO,NO,NO,"OPEN","Runner Scrap Weighment"
"35250826B-R02","35250826B","2026-08-25","B","HSIM - 03","LAC Blue","RUNNER",15.7,0,"OPEN",YES,NO,NO,NO,"OPEN","Runner Scrap Weighment"
"34250826A-001","34250826A","2026-08-25","A","HSIM - 04","LBC","PART",7.25,1014,"OPEN",YES,NO,NO,NO,"OPEN","🟢 Ready for Trimming Stage"
"34250826A-002","34250826A","2026-08-25","A","HSIM - 04","LBC","PART",6.38,892,"OPEN",YES,NO,NO,NO,"OPEN","🟢 Ready for Trimming Stage"
"34250826A-003","34250826A","2026-08-25","A","HSIM - 04","LBC","PART",6.62,926,"OPEN",YES,NO,NO,NO,"OPEN","🟢 Ready for Trimming Stage"
"34250826A-R01","34250826A","2026-08-25","A","HSIM - 04","LBC","RUNNER",4.33,0,"OPEN",YES,NO,NO,NO,"OPEN","Runner Scrap Weighment"
"34250826A-R02","34250826A","2026-08-25","A","HSIM - 04","LBC","RUNNER",1.76,0,"OPEN",YES,NO,NO,NO,"OPEN","Runner Scrap Weighment"
"29250826A-001","29250826A","2026-08-25","A","VSIM - 01","2800","PART",1.26,462,"OPEN",YES,NO,NO,NO,"OPEN","🟢 Ready for Trimming Stage"
"28250826A-001","28250826A","2026-08-25","A","VSIM - 01","2200","PART",4.02,2481,"PACKED",YES,NO,NO,NO,"PACKED","Completed / Ready for Dispatch"
"28250826A-002","28250826A","2026-08-25","A","VSIM - 01","2200","PART",1.08,667,"PACKED",YES,NO,NO,NO,"PACKED","Completed / Ready for Dispatch"
"28250826A-003","28250826A","2026-08-25","A","VSIM - 01","2200","PART",1.09,673,"PACKED",YES,NO,NO,NO,"PACKED","Completed / Ready for Dispatch"
"28250826A-004","28250826A","2026-08-25","A","VSIM - 01","2200","PART",0.99,611,"PACKED",YES,NO,NO,NO,"PACKED","Completed / Ready for Dispatch"
"28250826A-R01","28250826A","2026-08-25","A","VSIM - 01","2200","RUNNER",0.93,0,"OPEN",YES,NO,NO,NO,"OPEN","Runner Scrap Weighment"
"28250826B-001","28250826B","2026-08-25","B","VSIM - 01","2200","PART",6.9,4259,"PACKED",YES,NO,NO,NO,"PACKED","Completed / Ready for Dispatch"
"28250826B-002","28250826B","2026-08-25","B","VSIM - 01","2200","PART",2.96,1827,"PACKED",YES,NO,NO,NO,"PACKED","Completed / Ready for Dispatch"
"28250826B-003","28250826B","2026-08-25","B","VSIM - 01","2200","PART",2.13,1315,"PACKED",YES,NO,NO,NO,"PACKED","Completed / Ready for Dispatch"
"28250826B-R01","28250826B","2026-08-25","B","VSIM - 01","2200","RUNNER",2,0,"OPEN",YES,NO,NO,NO,"OPEN","Runner Scrap Weighment"
"8260826A-001","8260826A","2026-08-26","A","HSIM - 01","F885 Y","PART",5.43,1398,"PACKED",YES,NO,NO,NO,"PACKED","Completed / Ready for Dispatch"
"8260826A-002","8260826A","2026-08-26","A","HSIM - 01","F885 Y","PART",4.77,1228,"PACKED",YES,NO,NO,NO,"PACKED","Completed / Ready for Dispatch"
"8260826A-003","8260826A","2026-08-26","A","HSIM - 01","F885 Y","PART",5.18,1334,"PACKED",YES,NO,NO,NO,"PACKED","Completed / Ready for Dispatch"
"8260826A-004","8260826A","2026-08-26","A","HSIM - 01","F885 Y","PART",5.82,1499,"PACKED",YES,NO,NO,NO,"PACKED","Completed / Ready for Dispatch"
"8260826A-005","8260826A","2026-08-26","A","HSIM - 01","F885 Y","PART",1.87,482,"PACKED",YES,NO,NO,NO,"PACKED","Completed / Ready for Dispatch"
"30260826A-001","30260826A","2026-08-26","A","HSIM - 02","VPAA","PART",4.3,1755,"PACKED",YES,NO,NO,NO,"PACKED","Completed / Ready for Dispatch"
"30260826A-002","30260826A","2026-08-26","A","HSIM - 02","VPAA","PART",4.8,1959,"PACKED",YES,NO,NO,NO,"PACKED","Completed / Ready for Dispatch"
"30260826A-003","30260826A","2026-08-26","A","HSIM - 02","VPAA","PART",5.14,2098,"PACKED",YES,NO,NO,NO,"PACKED","Completed / Ready for Dispatch"
"30260826A-004","30260826A","2026-08-26","A","HSIM - 02","VPAA","PART",3.21,1310,"PACKED",YES,NO,NO,NO,"PACKED","Completed / Ready for Dispatch"
"35260826A-001","35260826A","2026-08-26","A","HSIM - 03","LAC Blue","PART",9.76,2198,"PACKED",YES,NO,NO,NO,"PACKED","Completed / Ready for Dispatch"
"35260826A-002","35260826A","2026-08-26","A","HSIM - 03","LAC Blue","PART",9.61,2164,"PACKED",YES,NO,NO,NO,"PACKED","Completed / Ready for Dispatch"
"35260826A-003","35260826A","2026-08-26","A","HSIM - 03","LAC Blue","PART",9.57,2155,"PACKED",YES,NO,NO,NO,"PACKED","Completed / Ready for Dispatch"
"35260826A-004","35260826A","2026-08-26","A","HSIM - 03","LAC Blue","PART",9.24,2081,"PACKED",YES,NO,NO,NO,"PACKED","Completed / Ready for Dispatch"
"35260826A-005","35260826A","2026-08-26","A","HSIM - 03","LAC Blue","PART",10.02,2257,"PACKED",YES,NO,NO,NO,"PACKED","Completed / Ready for Dispatch"
"35260826A-006","35260826A","2026-08-26","A","HSIM - 03","LAC Blue","PART",8.97,2020,"PACKED",YES,NO,NO,NO,"PACKED","Completed / Ready for Dispatch"
"35260826A-007","35260826A","2026-08-26","A","HSIM - 03","LAC Blue","PART",7.09,1597,"PACKED",YES,NO,NO,NO,"PACKED","Completed / Ready for Dispatch"
"35260826A-008","35260826A","2026-08-26","A","HSIM - 03","LAC Blue","PART",5.34,1203,"PACKED",YES,NO,NO,NO,"PACKED","Completed / Ready for Dispatch"
"35260826A-R01","35260826A","2026-08-26","A","HSIM - 03","LAC Blue","RUNNER",9.66,0,"OPEN",YES,NO,NO,NO,"OPEN","Runner Scrap Weighment"
"35260826A-R02","35260826A","2026-08-26","A","HSIM - 03","LAC Blue","RUNNER",10.8,0,"OPEN",YES,NO,NO,NO,"OPEN","Runner Scrap Weighment"
"28260826A-001","28260826A","2026-08-26","A","VSIM - 01","2200","PART",2.91,1796,"PACKED",YES,NO,NO,NO,"PACKED","Completed / Ready for Dispatch"
"28260826A-002","28260826A","2026-08-26","A","VSIM - 01","2200","PART",0.6,370,"PACKED",YES,NO,NO,NO,"PACKED","Completed / Ready for Dispatch"
"28260826A-R01","28260826A","2026-08-26","A","VSIM - 01","2200","RUNNER",0.57,0,"OPEN",YES,NO,NO,NO,"OPEN","Runner Scrap Weighment"
"22260826A-001","22260826A","2026-08-26","A","VSIM - 01","VW DIA 16 - HW773A","PART",6.03,5025,"PACKED",YES,NO,NO,NO,"PACKED","Completed / Ready for Dispatch"
"22260826A-R01","22260826A","2026-08-26","A","VSIM - 01","VW DIA 16 - HW773A","RUNNER",1.97,0,"OPEN",YES,NO,NO,NO,"OPEN","Runner Scrap Weighment"
"35260826B-001","35260826B","2026-08-26","B","HSIM - 03","LAC Blue","PART",10.16,2288,"PACKED",YES,NO,NO,NO,"PACKED","Completed / Ready for Dispatch"
"35260826B-002","35260826B","2026-08-26","B","HSIM - 03","LAC Blue","PART",9.88,2225,"PACKED",YES,NO,NO,NO,"PACKED","Completed / Ready for Dispatch"
"35260826B-003","35260826B","2026-08-26","B","HSIM - 03","LAC Blue","PART",9.68,2180,"PACKED",YES,NO,NO,NO,"PACKED","Completed / Ready for Dispatch"
"35260826B-004","35260826B","2026-08-26","B","HSIM - 03","LAC Blue","PART",9.85,2218,"PACKED",YES,NO,NO,NO,"PACKED","Completed / Ready for Dispatch"
"35260826B-005","35260826B","2026-08-26","B","HSIM - 03","LAC Blue","PART",9.53,2146,"PACKED",YES,NO,NO,NO,"PACKED","Completed / Ready for Dispatch"
"35260826B-006","35260826B","2026-08-26","B","HSIM - 03","LAC Blue","PART",9.84,2216,"PACKED",YES,NO,NO,NO,"PACKED","Completed / Ready for Dispatch"
"35260826B-007","35260826B","2026-08-26","B","HSIM - 03","LAC Blue","PART",9.54,2149,"PACKED",YES,NO,NO,NO,"PACKED","Completed / Ready for Dispatch"
"35260826B-008","35260826B","2026-08-26","B","HSIM - 03","LAC Blue","PART",5.72,1288,"PACKED",YES,NO,NO,NO,"PACKED","Completed / Ready for Dispatch"
"35260826B-R01","35260826B","2026-08-26","B","HSIM - 03","LAC Blue","RUNNER",11.1,0,"OPEN",YES,NO,NO,NO,"OPEN","Runner Scrap Weighment"
"35260826B-R02","35260826B","2026-08-26","B","HSIM - 03","LAC Blue","RUNNER",10.97,0,"OPEN",YES,NO,NO,NO,"OPEN","Runner Scrap Weighment"
"22260826B-001","22260826B","2026-08-26","B","VSIM - 01","VW DIA 16 - HW773A","PART",7.95,6625,"PACKED",YES,NO,NO,NO,"PACKED","Completed / Ready for Dispatch"
"22260826B-002","22260826B","2026-08-26","B","VSIM - 01","VW DIA 16 - HW773A","PART",4.86,4050,"PACKED",YES,NO,NO,NO,"PACKED","Completed / Ready for Dispatch"
"22260826B-R01","22260826B","2026-08-26","B","VSIM - 01","VW DIA 16 - HW773A","RUNNER",4.23,0,"OPEN",YES,NO,NO,NO,"OPEN","Runner Scrap Weighment"
"8270826A-001","8270826A","2026-08-27","A","HSIM - 01","F885 Y","PART",4.9,1262,"PACKED",YES,NO,NO,NO,"PACKED","Completed / Ready for Dispatch"
"8270826A-002","8270826A","2026-08-27","A","HSIM - 01","F885 Y","PART",4.61,1187,"PACKED",YES,NO,NO,NO,"PACKED","Completed / Ready for Dispatch"
"8270826A-003","8270826A","2026-08-27","A","HSIM - 01","F885 Y","PART",5.87,1512,"PACKED",YES,NO,NO,NO,"PACKED","Completed / Ready for Dispatch"
"8270826A-004","8270826A","2026-08-27","A","HSIM - 01","F885 Y","PART",5.64,1452,"PACKED",YES,NO,NO,NO,"PACKED","Completed / Ready for Dispatch"
"8270826A-005","8270826A","2026-08-27","A","HSIM - 01","F885 Y","PART",4.65,1197,"PACKED",YES,NO,NO,NO,"PACKED","Completed / Ready for Dispatch"
"30270826A-001","30270826A","2026-08-27","A","HSIM - 02","VPAA","PART",5.45,2224,"PACKED",YES,NO,NO,NO,"PACKED","Completed / Ready for Dispatch"
"30270826A-002","30270826A","2026-08-27","A","HSIM - 02","VPAA","PART",5.69,2322,"PACKED",YES,NO,NO,NO,"PACKED","Completed / Ready for Dispatch"
"30270826A-003","30270826A","2026-08-27","A","HSIM - 02","VPAA","PART",4.45,1816,"PACKED",YES,NO,NO,NO,"PACKED","Completed / Ready for Dispatch"
"30270826A-004","30270826A","2026-08-27","A","HSIM - 02","VPAA","PART",2.61,1065,"PACKED",YES,NO,NO,NO,"PACKED","Completed / Ready for Dispatch"
"35270826A-001","35270826A","2026-08-27","A","HSIM - 03","LAC Blue","PART",9.24,2081,"PACKED",YES,NO,NO,NO,"PACKED","Completed / Ready for Dispatch"
"35270826A-002","35270826A","2026-08-27","A","HSIM - 03","LAC Blue","PART",9.53,2146,"PACKED",YES,NO,NO,NO,"PACKED","Completed / Ready for Dispatch"
"35270826A-003","35270826A","2026-08-27","A","HSIM - 03","LAC Blue","PART",9.37,2110,"INSPECTED",YES,NO,NO,NO,"INSPECTED","Ready for Packing Stage"
"35270826A-004","35270826A","2026-08-27","A","HSIM - 03","LAC Blue","PART",10.28,2315,"OPEN",YES,NO,NO,NO,"OPEN","🟢 Ready for Trimming Stage"
"35270826A-005","35270826A","2026-08-27","A","HSIM - 03","LAC Blue","PART",11.09,2498,"OPEN",YES,NO,NO,NO,"OPEN","🟢 Ready for Trimming Stage"
"35270826A-006","35270826A","2026-08-27","A","HSIM - 03","LAC Blue","PART",11.27,2538,"OPEN",YES,NO,NO,NO,"OPEN","🟢 Ready for Trimming Stage"
"35270826A-007","35270826A","2026-08-27","A","HSIM - 03","LAC Blue","PART",10.94,2464,"OPEN",YES,NO,NO,NO,"OPEN","🟢 Ready for Trimming Stage"
"35270826A-R01","35270826A","2026-08-27","A","HSIM - 03","LAC Blue","RUNNER",10.13,0,"OPEN",YES,NO,NO,NO,"OPEN","Runner Scrap Weighment"
"35270826B-001","35270826B","2026-08-27","B","HSIM - 03","LAC Blue","PART",10.12,2279,"OPEN",YES,NO,NO,NO,"OPEN","🟢 Ready for Trimming Stage"
"35270826B-002","35270826B","2026-08-27","B","HSIM - 03","LAC Blue","PART",10.18,2293,"OPEN",YES,NO,NO,NO,"OPEN","🟢 Ready for Trimming Stage"
"35270826B-003","35270826B","2026-08-27","B","HSIM - 03","LAC Blue","PART",10.03,2259,"OPEN",YES,NO,NO,NO,"OPEN","🟢 Ready for Trimming Stage"
"35270826B-004","35270826B","2026-08-27","B","HSIM - 03","LAC Blue","PART",9.21,2074,"OPEN",YES,NO,NO,NO,"OPEN","🟢 Ready for Trimming Stage"
"35270826B-005","35270826B","2026-08-27","B","HSIM - 03","LAC Blue","PART",9.86,2221,"OPEN",YES,NO,NO,NO,"OPEN","🟢 Ready for Trimming Stage"
"35270826B-006","35270826B","2026-08-27","B","HSIM - 03","LAC Blue","PART",9.87,2223,"OPEN",YES,NO,NO,NO,"OPEN","🟢 Ready for Trimming Stage"
"35270826B-007","35270826B","2026-08-27","B","HSIM - 03","LAC Blue","PART",8.94,2014,"OPEN",YES,NO,NO,NO,"OPEN","🟢 Ready for Trimming Stage"
"35270826B-008","35270826B","2026-08-27","B","HSIM - 03","LAC Blue","PART",7.68,1730,"OPEN",YES,NO,NO,NO,"OPEN","🟢 Ready for Trimming Stage"
"35270826B-R01","35270826B","2026-08-27","B","HSIM - 03","LAC Blue","RUNNER",17.58,0,"OPEN",YES,NO,NO,NO,"OPEN","Runner Scrap Weighment"
"35270826B-R02","35270826B","2026-08-27","B","HSIM - 03","LAC Blue","RUNNER",17.36,0,"OPEN",YES,NO,NO,NO,"OPEN","Runner Scrap Weighment"
"22270826A-001","22270826A","2026-08-27","A","VSIM - 01","VW DIA 16 - HW773A","PART",7.74,6450,"PACKED",YES,NO,NO,NO,"PACKED","Completed / Ready for Dispatch"
"22270826A-002","22270826A","2026-08-27","A","VSIM - 01","VW DIA 16 - HW773A","PART",4.17,3475,"PACKED",YES,NO,NO,NO,"PACKED","Completed / Ready for Dispatch"
"22270826A-R01","22270826A","2026-08-27","A","VSIM - 01","VW DIA 16 - HW773A","RUNNER",3.81,0,"OPEN",YES,NO,NO,NO,"OPEN","Runner Scrap Weighment"
"22270826B-001","22270826B","2026-08-27","B","VSIM - 01","VW DIA 16 - HW773A","PART",8.04,6700,"PACKED",YES,NO,NO,NO,"PACKED","Completed / Ready for Dispatch"
"22270826B-002","22270826B","2026-08-27","B","VSIM - 01","VW DIA 16 - HW773A","PART",4.48,3733,"PACKED",YES,NO,NO,NO,"PACKED","Completed / Ready for Dispatch"
"22270826B-R01","22270826B","2026-08-27","B","VSIM - 01","VW DIA 16 - HW773A","RUNNER",4.04,0,"OPEN",YES,NO,NO,NO,"OPEN","Runner Scrap Weighment"
"8280826A-001","8280826A","2026-08-28","A","HSIM - 01","F885 Y","PART",4.5,1159,"TRIMMED",YES,NO,NO,NO,"TRIMMED","Ready for Inspection Stage"
"30280826A-001","30280826A","2026-08-28","A","HSIM - 02","VPAA","PART",4.59,1873,"PACKED",YES,NO,NO,NO,"PACKED","Completed / Ready for Dispatch"
"30280826A-002","30280826A","2026-08-28","A","HSIM - 02","VPAA","PART",4.72,1927,"PACKED",YES,NO,NO,NO,"PACKED","Completed / Ready for Dispatch"
"30280826A-003","30280826A","2026-08-28","A","HSIM - 02","VPAA","PART",4.1,1673,"OPEN",YES,NO,NO,NO,"OPEN","🟢 Ready for Trimming Stage"
"30280826A-004","30280826A","2026-08-28","A","HSIM - 02","VPAA","PART",4.42,1804,"OPEN",YES,NO,NO,NO,"OPEN","🟢 Ready for Trimming Stage"
"35280826A-001","35280826A","2026-08-28","A","HSIM - 03","LAC Blue","PART",11.8,2658,"OPEN",YES,NO,NO,NO,"OPEN","🟢 Ready for Trimming Stage"
"35280826A-R01","35280826A","2026-08-28","A","HSIM - 03","LAC Blue","RUNNER",17.57,0,"OPEN",YES,NO,NO,NO,"OPEN","Runner Scrap Weighment"
"35280826A-R02","35280826A","2026-08-28","A","HSIM - 03","LAC Blue","RUNNER",3.56,0,"OPEN",YES,NO,NO,NO,"OPEN","Runner Scrap Weighment"
"P1280826A-001","P1280826A","2026-08-28","A","HSIM - 03","PUNE B","PART",4.88,2068,"PACKED",YES,NO,NO,NO,"PACKED","Completed / Ready for Dispatch"
"P1280826A-R01","P1280826A","2026-08-28","A","HSIM - 03","PUNE B","RUNNER",1.95,0,"OPEN",YES,NO,NO,NO,"OPEN","Runner Scrap Weighment"
"P1280826B-001","P1280826B","2026-08-28","B","HSIM - 03","PUNE B","PART",5.21,2208,"PACKED",YES,NO,NO,NO,"PACKED","Completed / Ready for Dispatch"
"P1280826B-002","P1280826B","2026-08-28","B","HSIM - 03","PUNE B","PART",4.74,2008,"PACKED",YES,NO,NO,NO,"PACKED","Completed / Ready for Dispatch"
"P1280826B-003","P1280826B","2026-08-28","B","HSIM - 03","PUNE B","PART",4.29,1818,"PACKED",YES,NO,NO,NO,"PACKED","Completed / Ready for Dispatch"
"P1280826B-004","P1280826B","2026-08-28","B","HSIM - 03","PUNE B","PART",1.62,686,"PACKED",YES,NO,NO,NO,"PACKED","Completed / Ready for Dispatch"
"P1280826B-R01","P1280826B","2026-08-28","B","HSIM - 03","PUNE B","RUNNER",5.83,0,"OPEN",YES,NO,NO,NO,"OPEN","Runner Scrap Weighment"
"22280826B-001","22280826B","2026-08-28","B","VSIM - 01","VW DIA 16 - HW773A","PART",7.43,6192,"PACKED",YES,NO,NO,NO,"PACKED","Completed / Ready for Dispatch"
"22280826B-002","22280826B","2026-08-28","B","VSIM - 01","VW DIA 16 - HW773A","PART",6.5,5417,"OPEN",YES,NO,NO,NO,"OPEN","🟢 Ready for Trimming Stage"
"22280826B-R01","22280826B","2026-08-28","B","VSIM - 01","VW DIA 16 - HW773A","RUNNER",4.49,0,"OPEN",YES,NO,NO,NO,"OPEN","Runner Scrap Weighment"
"10290826A-001","10290826A","2026-08-29","A","HSIM - 01","AA02 Y","PART",6.11,3491,"PACKED",YES,NO,NO,NO,"PACKED","Completed / Ready for Dispatch"
"10290826A-002","10290826A","2026-08-29","A","HSIM - 01","AA02 Y","PART",2.41,1377,"PACKED",YES,NO,NO,NO,"PACKED","Completed / Ready for Dispatch"
"10290826A-R01","10290826A","2026-08-29","A","HSIM - 01","AA02 Y","RUNNER",3.31,0,"OPEN",YES,NO,NO,NO,"OPEN","Runner Scrap Weighment"
"30290826A-001","30290826A","2026-08-29","A","HSIM - 02","VPAA","PART",5.11,2086,"OPEN",YES,NO,NO,NO,"OPEN","🟢 Ready for Trimming Stage"
"30290826A-002","30290826A","2026-08-29","A","HSIM - 02","VPAA","PART",4.51,1841,"OPEN",YES,NO,NO,NO,"OPEN","🟢 Ready for Trimming Stage"
"30290826A-003","30290826A","2026-08-29","A","HSIM - 02","VPAA","PART",1.9,776,"OPEN",YES,NO,NO,NO,"OPEN","🟢 Ready for Trimming Stage"
"P1290826A-001","P1290826A","2026-08-29","A","HSIM - 03","PUNE B","PART",5.27,2233,"PACKED",YES,NO,NO,NO,"PACKED","Completed / Ready for Dispatch"
"P1290826A-002","P1290826A","2026-08-29","A","HSIM - 03","PUNE B","PART",5.72,2424,"PACKED",YES,NO,NO,NO,"PACKED","Completed / Ready for Dispatch"
"P1290826A-003","P1290826A","2026-08-29","A","HSIM - 03","PUNE B","PART",6.69,2835,"PACKED",YES,NO,NO,NO,"PACKED","Completed / Ready for Dispatch"
"P1290826A-R01","P1290826A","2026-08-29","A","HSIM - 03","PUNE B","RUNNER",4.7,0,"OPEN",YES,NO,NO,NO,"OPEN","Runner Scrap Weighment"
"P1290826A-R02","P1290826A","2026-08-29","A","HSIM - 03","PUNE B","RUNNER",1.8,0,"OPEN",YES,NO,NO,NO,"OPEN","Runner Scrap Weighment"
"P2290826B-001","P2290826B","2026-08-29","B","HSIM - 03","PUNE B","PART",5.39,2284,"PACKED",YES,NO,NO,NO,"PACKED","Completed / Ready for Dispatch"
"P2290826B-002","P2290826B","2026-08-29","B","HSIM - 03","PUNE B","PART",6.28,2661,"PACKED",YES,NO,NO,NO,"PACKED","Completed / Ready for Dispatch"
"P2290826B-003","P2290826B","2026-08-29","B","HSIM - 03","PUNE B","PART",1.12,475,"PACKED",YES,NO,NO,NO,"PACKED","Completed / Ready for Dispatch"
"P2290826B-R01","P2290826B","2026-08-29","B","HSIM - 03","PUNE B","RUNNER",4.64,0,"OPEN",YES,NO,NO,NO,"OPEN","Runner Scrap Weighment"
"20290826A-001","20290826A","2026-08-29","A","HSIM - 04","PDPKA","PART",6.18,662,"PACKED",YES,NO,NO,NO,"PACKED","Completed / Ready for Dispatch"
"20290826A-002","20290826A","2026-08-29","A","HSIM - 04","PDPKA","PART",6.46,692,"PACKED",YES,NO,NO,NO,"PACKED","Completed / Ready for Dispatch"
"20290826A-003","20290826A","2026-08-29","A","HSIM - 04","PDPKA","PART",3.05,327,"PACKED",YES,NO,NO,NO,"PACKED","Completed / Ready for Dispatch"
"20290826A-004","20290826A","2026-08-29","A","HSIM - 04","PDPKA","PART",1.34,143,"PACKED",YES,NO,NO,NO,"PACKED","Completed / Ready for Dispatch"
"20290826A-R01","20290826A","2026-08-29","A","HSIM - 04","PDPKA","RUNNER",0.87,0,"OPEN",YES,NO,NO,NO,"OPEN","Runner Scrap Weighment"
"22290826A-001","22290826A","2026-08-29","A","VSIM - 01","VW DIA 16 - HW773A","PART",0.44,367,"OPEN",YES,NO,NO,NO,"OPEN","🟢 Ready for Trimming Stage"
"22290826A-R01","22290826A","2026-08-29","A","VSIM - 01","VW DIA 16 - HW773A","RUNNER",0.15,0,"OPEN",YES,NO,NO,NO,"OPEN","Runner Scrap Weighment"
"23290826A-001","23290826A","2026-08-29","A","VSIM - 01","VW DIA 8 - HW773B","PART",4.93,7995,"PACKED",YES,NO,NO,NO,"PACKED","Completed / Ready for Dispatch"
"23290826A-002","23290826A","2026-08-29","A","VSIM - 01","VW DIA 8 - HW773B","PART",2.61,4210,"PACKED",YES,NO,NO,NO,"PACKED","Completed / Ready for Dispatch"
"23290826B-001","23290826B","29-08-2026","B","VSIM - 01","VW DIA 8 - HW773B","PART",6.82,11000,"PACKED",YES,NO,NO,NO,"PACKED","Completed / Ready for Dispatch"
"23290826B-002","23290826B","29-08-2026","B","VSIM - 01","VW DIA 8 - HW773B","PART",2.1,3387,"PACKED",YES,NO,NO,NO,"PACKED","Completed / Ready for Dispatch"
"23290826B-REJ-143005","23290826B","29-08-2026","B","VSIM - 01","VW DIA 8 - HW773B","PART",0.012,0,"N/A",YES,NO,NO,NO,"OPEN","🟢 Ready for Trimming Stage"
"23290826B-LUMP-143005","23290826B","29-08-2026","B","VSIM - 01","VW DIA 8 - HW773B","PART",0.039,0,"N/A",YES,NO,NO,NO,"OPEN","🟢 Ready for Trimming Stage"
"28290826A-001","28290826A","2026-08-29","A","VIM - 02","2200","PART",3.55,1914,"PACKED",YES,NO,NO,NO,"PACKED","Completed / Ready for Dispatch"
"28290826A-002","28290826A","2026-08-29","A","VIM - 02","2200","PART",1.7,916,"PACKED",YES,NO,NO,NO,"PACKED","Completed / Ready for Dispatch"
"28290826A-003","28290826A","2026-08-29","A","VIM - 02","2200","PART",5.56,2997,"PACKED",YES,NO,NO,NO,"PACKED","Completed / Ready for Dispatch"
"28290826A-REJ-194609","28290826A","2026-08-29","A","VIM - 02","2200","PART",0.047,0,"N/A",YES,NO,NO,NO,"OPEN","🟢 Ready for Trimming Stage"
"28290826B-001","28290826B","2026-08-29","B","VIM - 02","2200","PART",3.07,1655,"PACKED",YES,NO,NO,NO,"PACKED","Completed / Ready for Dispatch"
"28290826B-002","28290826B","2026-08-29","B","VIM - 02","2200","PART",0.56,301,"PACKED",YES,NO,NO,NO,"PACKED","Completed / Ready for Dispatch"
"39310826A-001","39310826A","2026-08-31","A","HSIM - 02","QVEAC","PART",9.09,7512,"PACKED",YES,NO,NO,NO,"PACKED","Completed / Ready for Dispatch"
"39310826A-R01","39310826A","2026-08-31","A","HSIM - 02","QVEAC","RUNNER",4.91,0,"OPEN",YES,NO,NO,NO,"OPEN","Runner Scrap Weighment"
"39310826A-R02","39310826A","2026-08-31","A","HSIM - 02","QVEAC","RUNNER",0.4,0,"OPEN",YES,NO,NO,NO,"OPEN","Runner Scrap Weighment"
"39310826A-REJ-200921","39310826A","2026-08-31","A","HSIM - 02","QVEAC","PART",0.0012,0,"N/A",YES,NO,NO,NO,"OPEN","🟢 Ready for Trimming Stage"
"P1310826A-001","P1310826A","2026-08-31","A","HSIM - 03","PUNE B","PART",5.6,2373,"PACKED",YES,NO,NO,NO,"PACKED","Completed / Ready for Dispatch"
"P1310826A-002","P1310826A","2026-08-31","A","HSIM - 03","PUNE B","PART",5.03,2131,"PACKED",YES,NO,NO,NO,"PACKED","Completed / Ready for Dispatch"
"P1310826A-003","P1310826A","2026-08-31","A","HSIM - 03","PUNE B","PART",4.61,1953,"PACKED",YES,NO,NO,NO,"PACKED","Completed / Ready for Dispatch"
"P1310826A-004","P1310826A","2026-08-31","A","HSIM - 03","PUNE B","PART",2.29,970,"PACKED",YES,NO,NO,NO,"PACKED","Completed / Ready for Dispatch"
"P1310826A-R01","P1310826A","2026-08-31","A","HSIM - 03","PUNE B","RUNNER",6.38,0,"OPEN",YES,NO,NO,NO,"OPEN","Runner Scrap Weighment"
"P1310826A-REJ-115342","P1310826A","2026-08-31","A","HSIM - 03","PUNE B","PART",0.016,0,"N/A",YES,NO,NO,NO,"OPEN","🟢 Ready for Trimming Stage"
"P1310826B-001","P1310826B","2026-08-31","B","HSIM - 03","PUNE B","PART",5.14,2178,"PACKED",YES,NO,NO,NO,"PACKED","Completed / Ready for Dispatch"
"P1310826B-002","P1310826B","2026-08-31","B","HSIM - 03","PUNE B","PART",5.27,2233,"PACKED",YES,NO,NO,NO,"PACKED","Completed / Ready for Dispatch"
"P1310826B-003","P1310826B","2026-08-31","B","HSIM - 03","PUNE B","PART",5.24,2220,"PACKED",YES,NO,NO,NO,"PACKED","Completed / Ready for Dispatch"
"P1310826B-R01","P1310826B","2026-08-31","B","HSIM - 03","PUNE B","RUNNER",1.1,0,"OPEN",YES,NO,NO,NO,"OPEN","Runner Scrap Weighment"
"P1310826B-R02","P1310826B","2026-08-31","B","HSIM - 03","PUNE B","RUNNER",4.66,0,"OPEN",YES,NO,NO,NO,"OPEN","Runner Scrap Weighment"
"P1310826B-REJ-123654","P1310826B","2026-08-31","B","HSIM - 03","PUNE B","PART",0.063,0,"N/A",YES,NO,NO,NO,"OPEN","🟢 Ready for Trimming Stage"
"23310826A-001","23310826A","2026-08-31","A","VSIM - 01","VW DIA 8 - HW773B","PART",7.17,11565,"OPEN",YES,NO,NO,NO,"OPEN","🟢 Ready for Trimming Stage"
"23310826A-REJ-123827","23310826A","2026-08-31","A","VSIM - 01","VW DIA 8 - HW773B","PART",0.046,0,"N/A",YES,NO,NO,NO,"OPEN","🟢 Ready for Trimming Stage"
"23310826A-LUMP-123827","23310826A","2026-08-31","A","VSIM - 01","VW DIA 8 - HW773B","PART",0.06,0,"N/A",YES,NO,NO,NO,"OPEN","🟢 Ready for Trimming Stage"
"23310826B-001","23310826B","2026-08-31","B","VSIM - 01","VW DIA 8 - HW773B","PART",6.71,10823,"OPEN",YES,NO,NO,NO,"OPEN","🟢 Ready for Trimming Stage"
"23310826B-002","23310826B","2026-08-31","B","VSIM - 01","VW DIA 8 - HW773B","PART",2.2,3548,"OPEN",YES,NO,NO,NO,"OPEN","🟢 Ready for Trimming Stage"
"23310826B-REJ-124003","23310826B","2026-08-31","B","VSIM - 01","VW DIA 8 - HW773B","PART",0.013,0,"N/A",YES,NO,NO,NO,"OPEN","🟢 Ready for Trimming Stage"
"28310826A-001","28310826A","2026-08-31","A","VIM - 02","2200","PART",6.01,3237,"PACKED",YES,NO,NO,NO,"PACKED","Completed / Ready for Dispatch"
"28310826A-002","28310826A","2026-08-31","A","VIM - 02","2200","PART",1.67,899,"PACKED",YES,NO,NO,NO,"PACKED","Completed / Ready for Dispatch"
"28310826A-003","28310826A","2026-08-31","A","VIM - 02","2200","PART",3.04,1637,"PACKED",YES,NO,NO,NO,"PACKED","Completed / Ready for Dispatch"
"10010926A-001","10010926A","2026-09-01","A","HSIM - 01","AA02 Y","PART",3.11,1777,"PACKED",YES,NO,NO,NO,"PACKED","Completed / Ready for Dispatch"
"10010926A-R01","10010926A","2026-09-01","A","HSIM - 01","AA02 Y","RUNNER",1.2,0,"OPEN",YES,NO,NO,NO,"OPEN","Runner Scrap Weighment"
"10010926A-REJ-162204","10010926A","2026-09-01","A","HSIM - 01","AA02 Y","PART",0.025,0,"N/A",YES,NO,NO,NO,"OPEN","🟢 Ready for Trimming Stage"
"39010926A-001","39010926A","2026-09-01","A","HSIM - 02","QVEAC","PART",8.99,7430,"PACKED",YES,NO,NO,NO,"PACKED","Completed / Ready for Dispatch"
"39010926A-R01","39010926A","2026-09-01","A","HSIM - 02","QVEAC","RUNNER",5.57,0,"OPEN",YES,NO,NO,NO,"OPEN","Runner Scrap Weighment"
"P1010926A-001","P1010926A","2026-09-01","A","HSIM - 03","PUNE B","PART",4.56,1932,"PACKED",YES,NO,NO,NO,"PACKED","Completed / Ready for Dispatch"
"P1010926A-002","P1010926A","2026-09-01","A","HSIM - 03","PUNE B","PART",1.93,818,"OPEN",YES,NO,NO,NO,"OPEN","🟢 Ready for Trimming Stage"
"P1010926A-R01","P1010926A","2026-09-01","A","HSIM - 03","PUNE B","RUNNER",2.43,0,"OPEN",YES,NO,NO,NO,"OPEN","Runner Scrap Weighment"
"P1010926A-R02","P1010926A","2026-09-01","A","HSIM - 03","PUNE B","RUNNER",4.68,0,"OPEN",YES,NO,NO,NO,"OPEN","Runner Scrap Weighment"
"P2010926A-001","P2010926A","2026-09-01","A","HSIM - 03","PUNE S","PART",3.3,3173,"PACKED",YES,NO,NO,NO,"PACKED","Completed / Ready for Dispatch"
"P2010926A-R01","P2010926A","2026-09-01","A","HSIM - 03","PUNE S","RUNNER",3.08,0,"OPEN",YES,NO,NO,NO,"OPEN","Runner Scrap Weighment"
"P2010926A-REJ-165338","P2010926A","2026-09-01","A","HSIM - 03","PUNE S","PART",0.1,0,"N/A",YES,NO,NO,NO,"OPEN","🟢 Ready for Trimming Stage"
"P2010926B-001","P2010926B","2026-09-01","B","HSIM - 03","PUNE S","PART",2.31,2221,"PACKED",YES,NO,NO,NO,"PACKED","Completed / Ready for Dispatch"
"P2010926B-R01","P2010926B","2026-09-01","B","HSIM - 03","PUNE S","RUNNER",2.22,0,"OPEN",YES,NO,NO,NO,"OPEN","Runner Scrap Weighment"
"20010926A-001","20010926A","2026-09-01","A","HSIM - 04","PDPKA","PART",5.11,547,"OPEN",YES,NO,NO,NO,"OPEN","🟢 Ready for Trimming Stage"
"20010926A-002","20010926A","2026-09-01","A","HSIM - 04","PDPKA","PART",4.67,500,"OPEN",YES,NO,NO,NO,"OPEN","🟢 Ready for Trimming Stage"
"20010926A-003","20010926A","2026-09-01","A","HSIM - 04","PDPKA","PART",5.2,557,"OPEN",YES,NO,NO,NO,"OPEN","🟢 Ready for Trimming Stage"
"20010926A-004","20010926A","2026-09-01","A","HSIM - 04","PDPKA","PART",4.71,504,"OPEN",YES,NO,NO,NO,"OPEN","🟢 Ready for Trimming Stage"
"20010926A-005","20010926A","2026-09-01","A","HSIM - 04","PDPKA","PART",2.97,318,"OPEN",YES,NO,NO,NO,"OPEN","🟢 Ready for Trimming Stage"
"20010926A-R01","20010926A","2026-09-01","A","HSIM - 04","PDPKA","RUNNER",1.21,0,"OPEN",YES,NO,NO,NO,"OPEN","Runner Scrap Weighment"
"20010926A-REJ-170629","20010926A","2026-09-01","A","HSIM - 04","PDPKA","PART",0.096,0,"N/A",YES,NO,NO,NO,"OPEN","🟢 Ready for Trimming Stage"
"23010926A-001","23010926A","2026-09-01","A","VSIM - 01","VW DIA 8 - HW773B","PART",6.01,9720,"OPEN",YES,NO,NO,NO,"OPEN","🟢 Ready for Trimming Stage"
"23010926A-002","23010926A","2026-09-01","A","VSIM - 01","VW DIA 8 - HW773B","PART",2.15,3477,"OPEN",YES,NO,NO,NO,"OPEN","🟢 Ready for Trimming Stage"
"23010926A-REJ-171315","23010926A","2026-09-01","A","VSIM - 01","VW DIA 8 - HW773B","PART",0.017,0,"N/A",YES,NO,NO,NO,"OPEN","🟢 Ready for Trimming Stage"
"23010926A-LUMP-171315","23010926A","2026-09-01","A","VSIM - 01","VW DIA 8 - HW773B","PART",0.025,0,"N/A",YES,NO,NO,NO,"OPEN","🟢 Ready for Trimming Stage"
"23010926B-001","23010926B","2026-09-01","B","VSIM - 01","VW DIA 8 - HW773B","PART",5.77,9332,"OPEN",YES,NO,NO,NO,"OPEN","🟢 Ready for Trimming Stage"
"23010926B-002","23010926B","2026-09-01","B","VSIM - 01","VW DIA 8 - HW773B","PART",2.38,3849,"OPEN",YES,NO,NO,NO,"OPEN","🟢 Ready for Trimming Stage"
"23010926B-REJ-171426","23010926B","2026-09-01","B","VSIM - 01","VW DIA 8 - HW773B","PART",0.021,0,"N/A",YES,NO,NO,NO,"OPEN","🟢 Ready for Trimming Stage"
"28010926A-001","28010926A","2026-09-01","A","VIM - 02","2200","PART",5.4,2895,"PACKED",YES,NO,NO,NO,"PACKED","Completed / Ready for Dispatch"
"28010926A-002","28010926A","2026-09-01","A","VIM - 02","2200","PART",0.99,531,"PACKED",YES,NO,NO,NO,"PACKED","Completed / Ready for Dispatch"
"28010926A-REJ-171818","28010926A","2026-09-01","A","VIM - 02","2200","PART",0.057,0,"N/A",YES,NO,NO,NO,"OPEN","🟢 Ready for Trimming Stage"
"28010926A-LUMP-171819","28010926A","2026-09-01","A","VIM - 02","2200","PART",0.008,0,"N/A",YES,NO,NO,NO,"OPEN","🟢 Ready for Trimming Stage"
"1A010926A-001","1A010926A","2026-09-01","A","HSIM - 05","CEEAA-ORANGE","PART",8.57,1490,"PACKED",YES,NO,NO,NO,"PACKED","Completed / Ready for Dispatch"
"1A010926A-002","1A010926A","2026-09-01","A","HSIM - 05","CEEAA-ORANGE","PART",2.41,419,"PACKED",YES,NO,NO,NO,"PACKED","Completed / Ready for Dispatch"
"1A010926A-003","1A010926A","2026-09-01","A","HSIM - 05","CEEAA-ORANGE","PART",10.21,1776,"PACKED",YES,NO,NO,NO,"PACKED","Completed / Ready for Dispatch"
"1A010926A-004","1A010926A","2026-09-01","A","HSIM - 05","CEEAA-ORANGE","PART",4.96,863,"PACKED",YES,NO,NO,NO,"PACKED","Completed / Ready for Dispatch"
"1A010926A-R01","1A010926A","2026-09-01","A","HSIM - 05","CEEAA-ORANGE","RUNNER",3.9,0,"OPEN",YES,NO,NO,NO,"OPEN","Runner Scrap Weighment"
"1A010926A-R02","1A010926A","2026-09-01","A","HSIM - 05","CEEAA-ORANGE","RUNNER",1.18,0,"OPEN",YES,NO,NO,NO,"OPEN","Runner Scrap Weighment"
"1A010926A-R03","1A010926A","2026-09-01","A","HSIM - 05","CEEAA-ORANGE","RUNNER",4.39,0,"OPEN",YES,NO,NO,NO,"OPEN","Runner Scrap Weighment"
"1A010926A-REJ-172540","1A010926A","2026-09-01","A","HSIM - 05","CEEAA-ORANGE","PART",0.122,0,"N/A",YES,NO,NO,NO,"OPEN","🟢 Ready for Trimming Stage"
"20020926A-001","20020926A","2026-09-02","A","HSIM - 04","PDPKA","PART",5.42,580,"OPEN",YES,NO,NO,NO,"OPEN","🟢 Ready for Trimming Stage"
"20020926A-002","20020926A","2026-09-02","A","HSIM - 04","PDPKA","PART",5.84,625,"OPEN",YES,NO,NO,NO,"OPEN","🟢 Ready for Trimming Stage"
"20020926A-003","20020926A","2026-09-02","A","HSIM - 04","PDPKA","PART",5.42,580,"OPEN",YES,NO,NO,NO,"OPEN","🟢 Ready for Trimming Stage"
"20020926A-004","20020926A","2026-09-02","A","HSIM - 04","PDPKA","PART",4.9,525,"OPEN",YES,NO,NO,NO,"OPEN","🟢 Ready for Trimming Stage"
"20020926A-005","20020926A","2026-09-02","A","HSIM - 04","PDPKA","PART",5.58,597,"OPEN",YES,NO,NO,NO,"OPEN","🟢 Ready for Trimming Stage"
"20020926A-006","20020926A","2026-09-02","A","HSIM - 04","PDPKA","PART",5.83,624,"OPEN",YES,NO,NO,NO,"OPEN","🟢 Ready for Trimming Stage"
"20020926A-R01","20020926A","2026-09-02","A","HSIM - 04","PDPKA","RUNNER",1.73,0,"OPEN",YES,NO,NO,NO,"OPEN","Runner Scrap Weighment"
"20020926A-REJ-091746","20020926A","2026-09-02","A","HSIM - 04","PDPKA","PART",0.118,0,"N/A",YES,NO,NO,NO,"OPEN","🟢 Ready for Trimming Stage"
"1A020926A-001","1A020926A","2026-09-02","A","HSIM - 05","CEEAA-ORANGE","PART",8.68,1510,"PACKED",YES,NO,NO,NO,"PACKED","Completed / Ready for Dispatch"
"1A020926A-002","1A020926A","2026-09-02","A","HSIM - 05","CEEAA-ORANGE","PART",9.05,1574,"PACKED",YES,NO,NO,NO,"PACKED","Completed / Ready for Dispatch"
"1A020926A-003","1A020926A","2026-09-02","A","HSIM - 05","CEEAA-ORANGE","PART",7.72,1343,"OPEN",YES,NO,NO,NO,"OPEN","🟢 Ready for Trimming Stage"
"1A020926A-R01","1A020926A","2026-09-02","A","HSIM - 05","CEEAA-ORANGE","RUNNER",4.56,0,"OPEN",YES,NO,NO,NO,"OPEN","Runner Scrap Weighment"
"1A020926A-R02","1A020926A","2026-09-02","A","HSIM - 05","CEEAA-ORANGE","RUNNER",4.31,0,"OPEN",YES,NO,NO,NO,"OPEN","Runner Scrap Weighment"
"1A020926A-REJ-092002","1A020926A","2026-09-02","A","HSIM - 05","CEEAA-ORANGE","PART",0.555,0,"N/A",YES,NO,NO,NO,"OPEN","🟢 Ready for Trimming Stage"
"1020926A-001","1020926A","2026-09-02","A","HSIM - 05","A710","PART",5.53,961,"PACKED",YES,NO,NO,NO,"PACKED","Completed / Ready for Dispatch"
"1020926A-R01","1020926A","2026-09-02","A","HSIM - 05","A710","RUNNER",1.85,0,"OPEN",YES,NO,NO,NO,"OPEN","Runner Scrap Weighment"
"1020926A-REJ-092645","1020926A","2026-09-02","A","HSIM - 05","A710","PART",0.462,0,"N/A",YES,NO,NO,NO,"OPEN","🟢 Ready for Trimming Stage"
"23020926A-001","23020926A","2026-09-02","A","VSIM - 01","VW DIA 8 - HW773B","PART",3.05,4919,"OPEN",YES,NO,NO,NO,"OPEN","🟢 Ready for Trimming Stage"
"23020926A-REJ-092906","23020926A","2026-09-02","A","VSIM - 01","VW DIA 8 - HW773B","PART",0.039,0,"N/A",YES,NO,NO,NO,"OPEN","🟢 Ready for Trimming Stage"
"P2020926A-001","P2020926A","2026-09-02","A","HSIM - 03","PUNE S","PART",4.34,4173,"PACKED",YES,NO,NO,NO,"PACKED","Completed / Ready for Dispatch"
"P2020926A-002","P2020926A","2026-09-02","A","HSIM - 03","PUNE S","PART",1.42,1365,"PACKED",YES,NO,NO,NO,"PACKED","Completed / Ready for Dispatch"
"P2020926A-R01","P2020926A","2026-09-02","A","HSIM - 03","PUNE S","RUNNER",5.29,0,"OPEN",YES,NO,NO,NO,"OPEN","Runner Scrap Weighment"
"P2020926A-REJ-111815","P2020926A","2026-09-02","A","HSIM - 03","PUNE S","PART",0.296,0,"N/A",YES,NO,NO,NO,"OPEN","🟢 Ready for Trimming Stage"
"P2020926B-001","P2020926B","2026-09-02","B","HSIM - 03","PUNE S","PART",1.28,1231,"PACKED",YES,NO,NO,NO,"PACKED","Completed / Ready for Dispatch"
"P2020926B-R01","P2020926B","2026-09-02","B","HSIM - 03","PUNE S","RUNNER",1.27,0,"OPEN",YES,NO,NO,NO,"OPEN","Runner Scrap Weighment"
"P2020926B-REJ-111907","P2020926B","2026-09-02","B","HSIM - 03","PUNE S","PART",0.18,0,"N/A",YES,NO,NO,NO,"OPEN","🟢 Ready for Trimming Stage"
"28020926A-001","28020926A","2026-09-02","A","VIM - 02","2200","PART",3.94,2109,"PACKED",YES,NO,NO,NO,"PACKED","Completed / Ready for Dispatch"
"28020926A-002","28020926A","2026-09-02","A","VIM - 02","2200","PART",5.5,2944,"PACKED",YES,NO,NO,NO,"PACKED","Completed / Ready for Dispatch"
"28020926A-003","28020926A","2026-09-02","A","VIM - 02","2200","PART",4.16,2227,"PACKED",YES,NO,NO,NO,"PACKED","Completed / Ready for Dispatch"
"28020926A-004","28020926A","2026-09-02","A","VIM - 02","2200","PART",2.51,1343,"PACKED",YES,NO,NO,NO,"PACKED","Completed / Ready for Dispatch"
"28020926A-REJ-112158","28020926A","2026-09-02","A","VIM - 02","2200","PART",0.087,0,"N/A",YES,NO,NO,NO,"OPEN","🟢 Ready for Trimming Stage"
"28020926A-LUMP-112158","28020926A","2026-09-02","A","VIM - 02","2200","PART",0.038,0,"N/A",YES,NO,NO,NO,"OPEN","🟢 Ready for Trimming Stage"
"28020926B-001","28020926B","2026-09-02","B","VIM - 02","2200","PART",4.7,2513,"PACKED",YES,NO,NO,NO,"PACKED","Completed / Ready for Dispatch"
"28020926B-002","28020926B","2026-09-02","B","VIM - 02","2200","PART",1.52,813,"PACKED",YES,NO,NO,NO,"PACKED","Completed / Ready for Dispatch"
"28020926B-REJ-112253","28020926B","2026-09-02","B","VIM - 02","2200","PART",0.136,0,"N/A",YES,NO,NO,NO,"OPEN","🟢 Ready for Trimming Stage"
"3020926A-001","3020926A","2026-09-02","A","VSIM - 01","F442 QQ","PART",0.86,180,"PACKED",YES,NO,NO,NO,"PACKED","Completed / Ready for Dispatch"
"3020926A-REJ-113253","3020926A","2026-09-02","A","VSIM - 01","F442 QQ","PART",0.384,0,"N/A",YES,NO,NO,NO,"OPEN","🟢 Ready for Trimming Stage"
"3020926A-LUMP-113253","3020926A","2026-09-02","A","VSIM - 01","F442 QQ","PART",0.238,0,"N/A",YES,NO,NO,NO,"OPEN","🟢 Ready for Trimming Stage"
"28020926B-003","28020926B","2026-09-02","B","VIM - 02","2200","PART",3.45,1845,"PACKED",YES,NO,NO,NO,"PACKED","Completed / Ready for Dispatch"
"1A310826A-001","1A310826A","2026-08-31","A","HSIM - 05","CEEAA-ORANGE","PART",1.23,214,"PACKED",YES,NO,NO,NO,"PACKED","Completed / Ready for Dispatch"
"1A310826A-002","1A310826A","2026-08-31","A","HSIM - 05","CEEAA-ORANGE","PART",0.66,115,"PACKED",YES,NO,NO,NO,"PACKED","Completed / Ready for Dispatch"
"1A310826A-R01","1A310826A","2026-08-31","A","HSIM - 05","CEEAA-ORANGE","RUNNER",0.7,0,"OPEN",YES,NO,NO,NO,"OPEN","Runner Scrap Weighment"
"1A310826A-REJ-163721","1A310826A","2026-08-31","A","HSIM - 05","CEEAA-ORANGE","PART",0.133,0,"N/A",YES,NO,NO,NO,"OPEN","🟢 Ready for Trimming Stage"
"18260826A-001","18260826A","2026-08-26","A","VIM - 02","QQVBA W","PART",5.35,2326,"PACKED",YES,NO,NO,NO,"PACKED","Completed / Ready for Dispatch"
"18270826A-001","18270826A","2026-08-27","A","VIM - 02","QQVBA W","PART",4.74,2022,"PACKED",YES,NO,NO,NO,"PACKED","Completed / Ready for Dispatch"
"18270826A-002","18270826A","2026-08-27","A","VIM - 02","QQVBA W","PART",2.42,1032,"PACKED",YES,NO,NO,NO,"PACKED","Completed / Ready for Dispatch"
"28280826A-001","28280826A","2026-08-28","A","VIM - 02","2200","PART",5.34,2856,"PACKED",YES,NO,NO,NO,"PACKED","Completed / Ready for Dispatch"
"28280826A-002","28280826A","2026-08-28","A","VIM - 02","2200","PART",3.09,1652,"PACKED",YES,NO,NO,NO,"PACKED","Completed / Ready for Dispatch"
"28280826A-003","28280826A","2026-08-28","A","VIM - 02","2200","PART",1.67,1031,"PACKED",YES,NO,NO,NO,"PACKED","Completed / Ready for Dispatch"
"8250826A-001","8250826A","2026-08-25","A","HSIM - 01","F885 Y","PART",5.23,1347,"PACKED",YES,NO,NO,NO,"PACKED","Completed / Ready for Dispatch"
"8250826A-002","8250826A","2026-08-25","A","HSIM - 01","F885 Y","PART",4.72,1215,"PACKED",YES,NO,NO,NO,"PACKED","Completed / Ready for Dispatch"
"8250826A-003","8250826A","2026-08-25","A","HSIM - 01","F885 Y","PART",5.35,1378,"PACKED",YES,NO,NO,NO,"PACKED","Completed / Ready for Dispatch"
"8250826A-004","8250826A","2026-08-25","A","HSIM - 01","F885 Y","PART",5.48,1411,"PACKED",YES,NO,NO,NO,"PACKED","Completed / Ready for Dispatch"
"8250826A-005","8250826A","2026-08-25","A","HSIM - 01","F885 Y","PART",3.89,1002,"PACKED",YES,NO,NO,NO,"PACKED","Completed / Ready for Dispatch"
"8250826A-REJ-171006","8250826A","2026-08-25","A","HSIM - 01","F885 Y","PART",0.199,0,"N/A",YES,NO,NO,NO,"OPEN","🟢 Ready for Trimming Stage"
"20030926A-001","20030926A","2026-09-03","A","HSIM - 04","PDPKA","PART",0.97,104,"OPEN",YES,NO,NO,NO,"OPEN","🟢 Ready for Trimming Stage"
"20030926A-R01","20030926A","2026-09-03","A","HSIM - 04","PDPKA","RUNNER",0.05,0,"OPEN",YES,NO,NO,NO,"OPEN","Runner Scrap Weighment"
"20030926A-REJ-174215","20030926A","2026-09-03","A","HSIM - 04","PDPKA","PART",0.178,0,"N/A",YES,NO,NO,NO,"OPEN","🟢 Ready for Trimming Stage"
"1030926A-001","1030926A","2026-09-03","A","HSIM - 05","A710","PART",9.45,1643,"PACKED",YES,NO,NO,NO,"PACKED","Completed / Ready for Dispatch"
"1030926A-002","1030926A","2026-09-03","A","HSIM - 05","A710","PART",9.29,1616,"PACKED",YES,NO,NO,NO,"PACKED","Completed / Ready for Dispatch"
"1030926A-003","1030926A","2026-09-03","A","HSIM - 05","A710","PART",6.79,1181,"INSPECTED",YES,NO,NO,NO,"INSPECTED","Ready for Packing Stage"
"1030926A-R01","1030926A","2026-09-03","A","HSIM - 05","A710","RUNNER",4.45,0,"OPEN",YES,NO,NO,NO,"OPEN","Runner Scrap Weighment"
"1030926A-R02","1030926A","2026-09-03","A","HSIM - 05","A710","RUNNER",4.3,0,"OPEN",YES,NO,NO,NO,"OPEN","Runner Scrap Weighment"
"3030926A-001","3030926A","2026-09-03","A","VSIM - 01","F442 QQ","PART",4.06,871,"PACKED",YES,NO,NO,NO,"PACKED","Completed / Ready for Dispatch"
"3030926A-002","3030926A","2026-09-03","A","VSIM - 01","F442 QQ","PART",3.97,851,"PACKED",YES,NO,NO,NO,"PACKED","Completed / Ready for Dispatch"
"3030926A-003","3030926A","2026-09-03","A","VSIM - 01","F442 QQ","PART",3.6,772,"TRIMMED",YES,NO,NO,NO,"TRIMMED","Ready for Inspection Stage"
"28030926A-001","28030926A","2026-09-03","A","VIM - 02","2200","PART",5.84,3120,"PACKED",YES,NO,NO,NO,"PACKED","Completed / Ready for Dispatch"
"3030926A-004","3030926A","2026-09-03","A","VSIM - 01","F442 QQ","PART",3.83,821,"TRIMMED",YES,NO,NO,NO,"TRIMMED","Ready for Inspection Stage"
"3030926A-REJ-110858","3030926A","2026-09-03","A","VSIM - 01","F442 QQ","PART",0.322,0,"N/A",YES,NO,NO,NO,"OPEN","🟢 Ready for Trimming Stage"
"10030926A-001","10030926A","2026-09-03","A","HSIM - 01","AA02 Y","PART",9.15,5229,"PACKED",YES,NO,NO,NO,"PACKED","Completed / Ready for Dispatch"
"10030926A-R01","10030926A","2026-09-03","A","HSIM - 01","AA02 Y","RUNNER",3.6,0,"OPEN",YES,NO,NO,NO,"OPEN","Runner Scrap Weighment"
"10030926A-REJ-111105","10030926A","2026-09-03","A","HSIM - 01","AA02 Y","PART",0.051,0,"N/A",YES,NO,NO,NO,"OPEN","🟢 Ready for Trimming Stage"
"10030926A-LUMP-111105","10030926A","2026-09-03","A","HSIM - 01","AA02 Y","PART",0.018,0,"N/A",YES,NO,NO,NO,"OPEN","🟢 Ready for Trimming Stage"
"9030926A-001","9030926A","2026-09-03","A","HSIM - 02","AN6B","PART",2.18,920,"PACKED",YES,NO,NO,NO,"PACKED","Completed / Ready for Dispatch"
"9030926A-R01","9030926A","2026-09-03","A","HSIM - 02","AN6B","RUNNER",0.8,0,"OPEN",YES,NO,NO,NO,"OPEN","Runner Scrap Weighment"
"9030926A-REJ-111239","9030926A","2026-09-03","A","HSIM - 02","AN6B","PART",0.086,0,"N/A",YES,NO,NO,NO,"OPEN","🟢 Ready for Trimming Stage"
"P2030926A-001","P2030926A","2026-09-03","A","HSIM - 03","PUNE S","PART",4.01,3856,"PACKED",YES,NO,NO,NO,"PACKED","Completed / Ready for Dispatch"
"P2030926A-R01","P2030926A","2026-09-03","A","HSIM - 03","PUNE S","RUNNER",3.76,0,"OPEN",YES,NO,NO,NO,"OPEN","Runner Scrap Weighment"
"P2030926A-REJ-111358","P2030926A","2026-09-03","A","HSIM - 03","PUNE S","PART",0.097,0,"N/A",YES,NO,NO,NO,"OPEN","🟢 Ready for Trimming Stage"
"P2030926A-LUMP-111358","P2030926A","2026-09-03","A","HSIM - 03","PUNE S","PART",0.078,0,"N/A",YES,NO,NO,NO,"OPEN","🟢 Ready for Trimming Stage"
"1030926A-004","1030926A","2026-09-03","A","HSIM - 05","A710","PART",6.32,1099,"INSPECTED",YES,NO,NO,NO,"INSPECTED","Ready for Packing Stage"
"1030926A-R01","1030926A","2026-09-03","A","HSIM - 05","A710","RUNNER",2.21,0,"OPEN",YES,NO,NO,NO,"OPEN","Runner Scrap Weighment"
"1030926A-REJ-112309","1030926A","2026-09-03","A","HSIM - 05","A710","PART",0.081,0,"N/A",YES,NO,NO,NO,"OPEN","🟢 Ready for Trimming Stage"
"1030926A-LUMP-112309","1030926A","2026-09-03","A","HSIM - 05","A710","PART",0.018,0,"N/A",YES,NO,NO,NO,"OPEN","🟢 Ready for Trimming Stage"
"28030926A-002","28030926A","2026-09-03","A","VIM - 02","2200","PART",4.86,2597,"INSPECTED",YES,NO,NO,NO,"INSPECTED","Ready for Packing Stage"
"28030926A-003","28030926A","2026-09-03","A","VIM - 02","2200","PART",3.43,1833,"TRIMMED",YES,NO,NO,NO,"TRIMMED","Ready for Inspection Stage"
"B1030926A-001","B1030926A","2026-09-03","A","HSIM - 04","BH-DIA 16 - MAA","PART",6.09,4911,"PACKED",YES,NO,NO,NO,"PACKED","Completed / Ready for Dispatch"
"B1030926A-002","B1030926A","2026-09-03","A","HSIM - 04","BH-DIA 16 - MAA","PART",5.72,4613,"PACKED",YES,NO,NO,NO,"PACKED","Completed / Ready for Dispatch"
"B1030926A-R01","B1030926A","2026-09-03","A","HSIM - 04","BH-DIA 16 - MAA","RUNNER",5.78,0,"OPEN",YES,NO,NO,NO,"OPEN","Runner Scrap Weighment"
"B1030926A-R02","B1030926A","2026-09-03","A","HSIM - 04","BH-DIA 16 - MAA","RUNNER",3.39,0,"OPEN",YES,NO,NO,NO,"OPEN","Runner Scrap Weighment"
"B1030926A-REJ-114039","B1030926A","2026-09-03","A","HSIM - 04","BH-DIA 16 - MAA","PART",0.054,0,"N/A",YES,NO,NO,NO,"OPEN","🟢 Ready for Trimming Stage"
"28030926A-004","28030926A","2026-09-03","A","VIM - 02","2200","PART",2.56,1580,"TRIMMED",YES,NO,NO,NO,"TRIMMED","Ready for Inspection Stage"
"28030926A-REJ-115713","28030926A","2026-09-03","A","VIM - 02","2200","PART",0.36,0,"N/A",YES,NO,NO,NO,"OPEN","🟢 Ready for Trimming Stage"
"B1030926B-001","B1030926B","2026-09-03","B","HSIM - 04","BH-DIA 16 - MAA","PART",7.01,5653,"PACKED",YES,NO,NO,NO,"PACKED","Completed / Ready for Dispatch"
"B1030926B-002","B1030926B","2026-09-03","B","HSIM - 04","BH-DIA 16 - MAA","PART",4.58,3694,"PACKED",YES,NO,NO,NO,"PACKED","Completed / Ready for Dispatch"
"B1030926B-R01","B1030926B","2026-09-03","B","HSIM - 04","BH-DIA 16 - MAA","RUNNER",6.42,0,"OPEN",YES,NO,NO,NO,"OPEN","Runner Scrap Weighment"
"B1030926B-R02","B1030926B","2026-09-03","B","HSIM - 04","BH-DIA 16 - MAA","RUNNER",2.51,0,"OPEN",YES,NO,NO,NO,"OPEN","Runner Scrap Weighment"
"B1030926B-REJ-115930","B1030926B","2026-09-03","B","HSIM - 04","BH-DIA 16 - MAA","PART",0.004,0,"N/A",YES,NO,NO,NO,"OPEN","🟢 Ready for Trimming Stage"
"10040926A-001","10040926A","2026-09-04","A","HSIM - 01","AA02 Y","PART",6.18,3531,"INSPECTED",YES,NO,NO,NO,"INSPECTED","Ready for Packing Stage"
"10040926A-002","10040926A","2026-09-04","A","HSIM - 01","AA02 Y","PART",1.67,954,"INSPECTED",YES,NO,NO,NO,"INSPECTED","Ready for Packing Stage"
"10040926A-R01","10040926A","2026-09-04","A","HSIM - 01","AA02 Y","RUNNER",3.11,0,"OPEN",YES,NO,NO,NO,"OPEN","Runner Scrap Weighment"
"10040926A-REJ-112228","10040926A","2026-09-04","A","HSIM - 01","AA02 Y","PART",0.087,0,"N/A",YES,NO,NO,NO,"OPEN","🟢 Ready for Trimming Stage"
"P2040926A-001","P2040926A","2026-09-04","A","HSIM - 03","PUNE S","PART",4.45,4279,"PACKED",YES,NO,NO,NO,"PACKED","Completed / Ready for Dispatch"
"P2040926A-R01","P2040926A","2026-09-04","A","HSIM - 03","PUNE S","PART",4.07,0,"N/A",YES,NO,NO,NO,"OPEN","🟢 Ready for Trimming Stage"
"P2040926A-REJ-112703","P2040926A","2026-09-04","A","HSIM - 03","PUNE S","PART",0.176,0,"N/A",YES,NO,NO,NO,"OPEN","🟢 Ready for Trimming Stage"
"B1040926A-001","B1040926A","2026-09-04","A","HSIM - 04","BH-DIA 16 - MAA","PART",6.6,5323,"PACKED",YES,NO,NO,NO,"PACKED","Completed / Ready for Dispatch"
"B1040926A-002","B1040926A","2026-09-04","A","HSIM - 04","BH-DIA 16 - MAA","PART",5.38,4339,"PACKED",YES,NO,NO,NO,"PACKED","Completed / Ready for Dispatch"
"B1040926A-003","B1040926A","2026-09-04","A","HSIM - 04","BH-DIA 16 - MAA","PART",4.64,3742,"PACKED",YES,NO,NO,NO,"PACKED","Completed / Ready for Dispatch"
"B1040926A-R01","B1040926A","2026-09-04","A","HSIM - 04","BH-DIA 16 - MAA","RUNNER",5.17,0,"OPEN",YES,NO,NO,NO,"OPEN","Runner Scrap Weighment"
"B1040926A-R02","B1040926A","2026-09-04","A","HSIM - 04","BH-DIA 16 - MAA","RUNNER",4.15,0,"OPEN",YES,NO,NO,NO,"OPEN","Runner Scrap Weighment"
"B1040926A-R03","B1040926A","2026-09-04","A","HSIM - 04","BH-DIA 16 - MAA","RUNNER",3.59,0,"OPEN",YES,NO,NO,NO,"OPEN","Runner Scrap Weighment"
"B1040926A-REJ-113235","B1040926A","2026-09-04","A","HSIM - 04","BH-DIA 16 - MAA","PART",0.002,0,"N/A",YES,NO,NO,NO,"OPEN","🟢 Ready for Trimming Stage"
"1040926A-001","1040926A","2026-09-04","A","HSIM - 05","A710","PART",9.32,1621,"OPEN",YES,NO,NO,NO,"OPEN","🟢 Ready for Trimming Stage"
"1040926A-002","1040926A","2026-09-04","A","HSIM - 05","A710","PART",9.28,1614,"OPEN",YES,NO,NO,NO,"OPEN","🟢 Ready for Trimming Stage"
"1040926A-003","1040926A","2026-09-04","A","HSIM - 05","A710","PART",7.82,1360,"OPEN",YES,NO,NO,NO,"OPEN","🟢 Ready for Trimming Stage"
"1040926A-004","1040926A","2026-09-04","A","HSIM - 05","A710","PART",8.92,1551,"OPEN",YES,NO,NO,NO,"OPEN","🟢 Ready for Trimming Stage"
"1040926A-005","1040926A","2026-09-04","A","HSIM - 05","A710","PART",8.08,1405,"OPEN",YES,NO,NO,NO,"OPEN","🟢 Ready for Trimming Stage"
"1040926A-006","1040926A","2026-09-04","A","HSIM - 05","A710","PART",4.66,810,"OPEN",YES,NO,NO,NO,"OPEN","🟢 Ready for Trimming Stage"
"1040926A-R01","1040926A","2026-09-04","A","HSIM - 05","A710","RUNNER",5.19,0,"OPEN",YES,NO,NO,NO,"OPEN","Runner Scrap Weighment"
"1040926A-R02","1040926A","2026-09-04","A","HSIM - 05","A710","RUNNER",2.94,0,"OPEN",YES,NO,NO,NO,"OPEN","Runner Scrap Weighment"
"1040926A-R03","1040926A","2026-09-04","A","HSIM - 05","A710","RUNNER",3.84,0,"OPEN",YES,NO,NO,NO,"OPEN","Runner Scrap Weighment"
"1040926A-R04","1040926A","2026-09-04","A","HSIM - 05","A710","RUNNER",4.3,0,"OPEN",YES,NO,NO,NO,"OPEN","Runner Scrap Weighment"
"1040926A-REJ-121140","1040926A","2026-09-04","A","HSIM - 05","A710","PART",0.046,0,"N/A",YES,NO,NO,NO,"OPEN","🟢 Ready for Trimming Stage"
"1040926A-LUMP-121140","1040926A","2026-09-04","A","HSIM - 05","A710","PART",0.036,0,"N/A",YES,NO,NO,NO,"OPEN","🟢 Ready for Trimming Stage"
"1040926B-001","1040926B","2026-09-04","B","HSIM - 05","A710","PART",8.6,1496,"OPEN",YES,NO,NO,NO,"OPEN","🟢 Ready for Trimming Stage"
"1040926B-002","1040926B","2026-09-04","B","HSIM - 05","A710","PART",7.58,1318,"OPEN",YES,NO,NO,NO,"OPEN","🟢 Ready for Trimming Stage"
"1040926B-003","1040926B","2026-09-04","B","HSIM - 05","A710","PART",2.74,477,"OPEN",YES,NO,NO,NO,"OPEN","🟢 Ready for Trimming Stage"
"1040926B-R01","1040926B","2026-09-04","B","HSIM - 05","A710","RUNNER",5.47,0,"OPEN",YES,NO,NO,NO,"OPEN","Runner Scrap Weighment"
"1040926B-R02","1040926B","2026-09-04","B","HSIM - 05","A710","RUNNER",1.07,0,"OPEN",YES,NO,NO,NO,"OPEN","Runner Scrap Weighment"
"1040926B-REJ-121302","1040926B","2026-09-04","B","HSIM - 05","A710","PART",0.379,0,"N/A",YES,NO,NO,NO,"OPEN","🟢 Ready for Trimming Stage"
"16040926A-001","16040926A","2026-09-04","A","VSIM - 01","AA03","PART",5.12,1410,"PACKED",YES,NO,NO,NO,"PACKED","Completed / Ready for Dispatch"
"16040926A-002","16040926A","2026-09-04","A","VSIM - 01","AA03","PART",2.16,595,"PACKED",YES,NO,NO,NO,"PACKED","Completed / Ready for Dispatch"
"16040926A-R01","16040926A","2026-09-04","A","VSIM - 01","AA03","RUNNER",1.95,0,"OPEN",YES,NO,NO,NO,"OPEN","Runner Scrap Weighment"
"16040926A-REJ-121744","16040926A","2026-09-04","A","VSIM - 01","AA03","PART",0.065,0,"N/A",YES,NO,NO,NO,"OPEN","🟢 Ready for Trimming Stage"
"28040926A-001","28040926A","2026-09-04","A","VIM - 02","2200","PART",5.32,2902,"TRIMMED",YES,NO,NO,NO,"TRIMMED","Ready for Inspection Stage"
"28040926A-002","28040926A","2026-09-04","A","VIM - 02","2200","PART",4.15,2264,"TRIMMED",YES,NO,NO,NO,"TRIMMED","Ready for Inspection Stage"
"28040926A-003","28040926A","2026-09-04","A","VIM - 02","2200","PART",1.72,1062,"OPEN",YES,NO,NO,NO,"OPEN","🟢 Ready for Trimming Stage"
"28040926A-REJ-122219","28040926A","2026-09-04","A","VIM - 02","2200","PART",0.179,0,"N/A",YES,NO,NO,NO,"OPEN","🟢 Ready for Trimming Stage"
"9040926B-001","9040926B","2026-09-04","B","HSIM - 02","AN6B","PART",4.37,1844,"PACKED",YES,NO,NO,NO,"PACKED","Completed / Ready for Dispatch"
"9040926B-R01","9040926B","2026-09-04","B","HSIM - 02","AN6B","RUNNER",1.69,0,"OPEN",YES,NO,NO,NO,"OPEN","Runner Scrap Weighment"
"9040926B-REJ-123133","9040926B","2026-09-04","B","HSIM - 02","AN6B","PART",0.176,0,"N/A",YES,NO,NO,NO,"OPEN","🟢 Ready for Trimming Stage"
"9040926A-001","9040926A","2026-09-04","A","HSIM - 02","AN6B","PART",8.28,3494,"PACKED",YES,NO,NO,NO,"PACKED","Completed / Ready for Dispatch"
"9040926A-002","9040926A","2026-09-04","A","HSIM - 02","AN6B","PART",2.59,1093,"PACKED",YES,NO,NO,NO,"PACKED","Completed / Ready for Dispatch"
"9040926A-R01","9040926A","2026-09-04","A","HSIM - 02","AN6B","RUNNER",3.92,0,"OPEN",YES,NO,NO,NO,"OPEN","Runner Scrap Weighment"
"9040926A-REJ-125639","9040926A","2026-09-04","A","HSIM - 02","AN6B","PART",0.288,0,"N/A",YES,NO,NO,NO,"OPEN","🟢 Ready for Trimming Stage"
"16050926A-001","16050926A","2026-09-05","A","VSIM - 01","AA03","PART",5.62,1548,"PACKED",YES,NO,NO,NO,"PACKED","Completed / Ready for Dispatch"
"16050926A-002","16050926A","2026-09-05","A","VSIM - 01","AA03","PART",6.22,1713,"PACKED",YES,NO,NO,NO,"PACKED","Completed / Ready for Dispatch"
"16050926A-003","16050926A","2026-09-05","A","VSIM - 01","AA03","PART",2.32,639,"PACKED",YES,NO,NO,NO,"PACKED","Completed / Ready for Dispatch"
"16050926A-R01","16050926A","2026-09-05","A","VSIM - 01","AA03","RUNNER",3.65,0,"OPEN",YES,NO,NO,NO,"OPEN","Runner Scrap Weighment"
"16050926A-REJ-114901","16050926A","2026-09-05","A","VSIM - 01","AA03","PART",0.04,0,"N/A",YES,NO,NO,NO,"OPEN","🟢 Ready for Trimming Stage"
"16050926A-LUMP-114903","16050926A","2026-09-05","A","VSIM - 01","AA03","PART",0.004,0,"N/A",YES,NO,NO,NO,"OPEN","🟢 Ready for Trimming Stage"
"10050926A-001","10050926A","2026-09-05","A","HSIM - 01","AA02 Y","PART",8.01,4577,"OPEN",YES,NO,NO,NO,"OPEN","🟢 Ready for Trimming Stage"
"10050926A-002","10050926A","2026-09-05","A","HSIM - 01","AA02 Y","PART",5.7,3257,"OPEN",YES,NO,NO,NO,"OPEN","🟢 Ready for Trimming Stage"
"10050926A-R01","10050926A","2026-09-05","A","HSIM - 01","AA02 Y","RUNNER",5.47,0,"OPEN",YES,NO,NO,NO,"OPEN","Runner Scrap Weighment"
"10050926A-REJ-115923","10050926A","2026-09-05","A","HSIM - 01","AA02 Y","PART",0.012,0,"N/A",YES,NO,NO,NO,"OPEN","🟢 Ready for Trimming Stage"
"10050926B-001","10050926B","2026-09-05","B","HSIM - 01","AA02 Y","PART",8.74,4994,"OPEN",YES,NO,NO,NO,"OPEN","🟢 Ready for Trimming Stage"
"10050926B-002","10050926B","2026-09-05","B","HSIM - 01","AA02 Y","PART",1.82,1040,"OPEN",YES,NO,NO,NO,"OPEN","🟢 Ready for Trimming Stage"
"10050926B-R01","10050926B","2026-09-05","B","HSIM - 01","AA02 Y","RUNNER",4.11,0,"OPEN",YES,NO,NO,NO,"OPEN","Runner Scrap Weighment"
"9050926A-001","9050926A","2026-09-05","A","HSIM - 02","AN6B","PART",1.15,485,"PACKED",YES,NO,NO,NO,"PACKED","Completed / Ready for Dispatch"
"9050926A-R01","9050926A","2026-09-05","A","HSIM - 02","AN6B","RUNNER",0.43,0,"OPEN",YES,NO,NO,NO,"OPEN","Runner Scrap Weighment"
"9050926A-REJ-120342","9050926A","2026-09-05","A","HSIM - 02","AN6B","PART",0.004,0,"N/A",YES,NO,NO,NO,"OPEN","🟢 Ready for Trimming Stage"
"12050926A-001","12050926A","2026-09-05","A","HSIM - 02","UGKCA","PART",5.27,3373,"PACKED",YES,NO,NO,NO,"PACKED","Completed / Ready for Dispatch"
"12050926A-002","12050926A","2026-09-05","A","HSIM - 02","UGKCA","PART",6.38,4083,"PACKED",YES,NO,NO,NO,"PACKED","Completed / Ready for Dispatch"
"12050926A-REJ-120451","12050926A","2026-09-05","A","HSIM - 02","UGKCA","PART",0.025,0,"N/A",YES,NO,NO,NO,"OPEN","🟢 Ready for Trimming Stage"
"B1050926A-001","B1050926A","2026-09-05","A","HSIM - 04","BH-DIA 16 - MAA","PART",6.9,5565,"PACKED",YES,NO,NO,NO,"PACKED","Completed / Ready for Dispatch"
"B1050926A-R01","B1050926A","2026-09-05","A","HSIM - 04","BH-DIA 16 - MAA","RUNNER",4.51,0,"OPEN",YES,NO,NO,NO,"OPEN","Runner Scrap Weighment"
"B1050926A-R02","B1050926A","2026-09-05","A","HSIM - 04","BH-DIA 16 - MAA","RUNNER",0.84,0,"OPEN",YES,NO,NO,NO,"OPEN","Runner Scrap Weighment"
"25050926A-001","25050926A","2026-09-05","A","HSIM - 04","NCBB","PART",3.88,653,"PACKED",YES,NO,NO,NO,"PACKED","Completed / Ready for Dispatch"
"25050926A-002","25050926A","2026-09-05","A","HSIM - 04","NCBB","PART",4.41,742,"PACKED",YES,NO,NO,NO,"PACKED","Completed / Ready for Dispatch"
"25050926A-003","25050926A","2026-09-05","A","HSIM - 04","NCBB","PART",4.3,724,"PACKED",YES,NO,NO,NO,"PACKED","Completed / Ready for Dispatch"
"25050926A-004","25050926A","2026-09-05","A","HSIM - 04","NCBB","PART",4.56,768,"PACKED",YES,NO,NO,NO,"PACKED","Completed / Ready for Dispatch"
"25050926A-R01","25050926A","2026-09-05","A","HSIM - 04","NCBB","RUNNER",2.01,0,"OPEN",YES,NO,NO,NO,"OPEN","Runner Scrap Weighment"
"25050926A-REJ-120819","25050926A","2026-09-05","A","HSIM - 04","NCBB","PART",0.015,0,"N/A",YES,NO,NO,NO,"OPEN","🟢 Ready for Trimming Stage"
"25050926B-001","25050926B","2026-09-05","B","HSIM - 04","NCBB","PART",4.12,694,"PACKED",YES,NO,NO,NO,"PACKED","Completed / Ready for Dispatch"
"25050926B-002","25050926B","2026-09-05","B","HSIM - 04","NCBB","PART",4.57,769,"PACKED",YES,NO,NO,NO,"PACKED","Completed / Ready for Dispatch"
"25050926B-003","25050926B","2026-09-05","B","HSIM - 04","NCBB","PART",3.93,662,"PACKED",YES,NO,NO,NO,"PACKED","Completed / Ready for Dispatch"
"25050926B-004","25050926B","2026-09-05","B","HSIM - 04","NCBB","PART",4.12,694,"PACKED",YES,NO,NO,NO,"PACKED","Completed / Ready for Dispatch"
"25050926B-005","25050926B","2026-09-05","B","HSIM - 04","NCBB","PART",4.24,714,"PACKED",YES,NO,NO,NO,"PACKED","Completed / Ready for Dispatch"
"25050926B-006","25050926B","2026-09-05","B","HSIM - 04","NCBB","PART",4.79,806,"PACKED",YES,NO,NO,NO,"PACKED","Completed / Ready for Dispatch"
"25050926B-007","25050926B","2026-09-05","B","HSIM - 04","NCBB","PART",4.71,793,"PACKED",YES,NO,NO,NO,"PACKED","Completed / Ready for Dispatch"
"25050926B-R01","25050926B","2026-09-05","B","HSIM - 04","NCBB","RUNNER",3.56,0,"OPEN",YES,NO,NO,NO,"OPEN","Runner Scrap Weighment"
"P2050926A-001","P2050926A","2026-09-05","A","HSIM - 03","PUNE S","PART",3.7,3775,"OPEN",YES,NO,NO,NO,"OPEN","🟢 Ready for Trimming Stage"
"P2050926A-R01","P2050926A","2026-09-05","A","HSIM - 03","PUNE S","RUNNER",3.3,0,"OPEN",YES,NO,NO,NO,"OPEN","Runner Scrap Weighment"
"28050926A-001","28050926A","2026-09-05","A","VIM - 02","2200","PART",5.12,2731,"OPEN",YES,NO,NO,NO,"OPEN","🟢 Ready for Trimming Stage"
"28050926A-002","28050926A","2026-09-05","A","VIM - 02","2200","PART",4.36,2325,"OPEN",YES,NO,NO,NO,"OPEN","🟢 Ready for Trimming Stage"
"28050926A-003","28050926A","2026-09-05","A","VIM - 02","2200","PART",1.75,933,"OPEN",YES,NO,NO,NO,"OPEN","🟢 Ready for Trimming Stage"
"28050926A-REJ-124226","28050926A","2026-09-05","A","VIM - 02","2200","PART",0.197,0,"N/A",YES,NO,NO,NO,"OPEN","🟢 Ready for Trimming Stage"
"1050926A-001","1050926A","2026-09-05","A","HSIM - 05","A710","PART",8.79,1529,"OPEN",YES,NO,NO,NO,"OPEN","🟢 Ready for Trimming Stage"
"1050926A-002","1050926A","2026-09-05","A","HSIM - 05","A710","PART",9.46,1645,"OPEN",YES,NO,NO,NO,"OPEN","🟢 Ready for Trimming Stage"
"1050926A-003","1050926A","2026-09-05","A","HSIM - 05","A710","PART",8.65,1504,"OPEN",YES,NO,NO,NO,"OPEN","🟢 Ready for Trimming Stage"
"1050926A-004","1050926A","2026-09-05","A","HSIM - 05","A710","PART",5.08,883,"OPEN",YES,NO,NO,NO,"OPEN","🟢 Ready for Trimming Stage"
"10070926A-REJ-095920","10070926A","2026-09-07","A","HSIM - 01","AA02 Y","PART",0.07,0,"N/A",YES,NO,NO,NO,"OPEN","🟢 Ready for Trimming Stage"
"1050926A-R02","1050926A","2026-09-05","A","HSIM - 05","A710","RUNNER",4.65,0,"OPEN",YES,NO,NO,NO,"OPEN","Runner Scrap Weighment"
"1050926A-R03","1050926A","2026-09-05","A","HSIM - 05","A710","RUNNER",2.36,0,"OPEN",YES,NO,NO,NO,"OPEN","Runner Scrap Weighment"
"1050926A-REJ-125429","1050926A","2026-09-05","A","HSIM - 05","A710","PART",0.0167,0,"N/A",YES,NO,NO,NO,"OPEN","🟢 Ready for Trimming Stage"
"1050926A-LUMP-125429","1050926A","2026-09-05","A","HSIM - 05","A710","PART",0.091,0,"N/A",YES,NO,NO,NO,"OPEN","🟢 Ready for Trimming Stage"
"10070926A-921","10070926A","2026-09-07","A","HSIM - 01","AA02 Y","PART",7.07,4040,"OPEN",YES,NO,NO,NO,"OPEN","🟢 Ready for Trimming Stage"
"10070926A-922","10070926A","2026-09-07","A","HSIM - 01","AA02 Y","PART",1.22,697,"OPEN",YES,NO,NO,NO,"OPEN","🟢 Ready for Trimming Stage"
"10070926A-R01","10070926A","2026-09-07","A","HSIM - 01","AA02 Y","RUNNER",3.36,0,"OPEN",YES,NO,NO,NO,"OPEN","Runner Scrap Weighment"
"28070926A-001","28070926A","2026-09-07","A","VIM - 02","2200","PART",5.26,2805,"OPEN",YES,NO,NO,NO,"OPEN","🟢 Ready for Trimming Stage"
"28070926A-002","28070926A","2026-09-07","A","VIM - 02","2200","PART",3.17,1691,"OPEN",YES,NO,NO,NO,"OPEN","🟢 Ready for Trimming Stage"
"28070926A-003","28070926A","2026-09-07","A","VIM - 02","2200","PART",1.72,917,"OPEN",YES,NO,NO,NO,"OPEN","🟢 Ready for Trimming Stage"
"22280826A-001","22280826A","2026-08-28","A","VSIM - 01","VW DIA 16 - HW773A","PART",7.57,6308,"PACKED",YES,NO,NO,NO,"PACKED","Completed / Ready for Dispatch"
"22280826A-002","22280826A","2026-08-28","A","VSIM - 01","VW DIA 16 - HW773A","PART",4.42,3683,"PACKED",YES,NO,NO,NO,"PACKED","Completed / Ready for Dispatch"
"22280826A-R01","22280826A","2026-08-28","A","VSIM - 01","VW DIA 16 - HW773A","RUNNER",3.84,0,"OPEN",YES,NO,NO,NO,"OPEN","Runner Scrap Weighment"
"25070926A-001","25070926A","2026-09-07","A","HSIM - 04","NCBB","PART",3.81,615,"PACKED",YES,NO,NO,NO,"PACKED","Completed / Ready for Dispatch"
"25070926A-002","25070926A","2026-09-07","A","HSIM - 04","NCBB","PART",4.07,656,"PACKED",YES,NO,NO,NO,"PACKED","Completed / Ready for Dispatch"
"25070926A-003","25070926A","2026-09-07","A","HSIM - 04","NCBB","PART",3.56,574,"PACKED",YES,NO,NO,NO,"PACKED","Completed / Ready for Dispatch"
"25070926A-004","25070926A","2026-09-07","A","HSIM - 04","NCBB","PART",4.28,690,"PACKED",YES,NO,NO,NO,"PACKED","Completed / Ready for Dispatch"
"25070926A-005","25070926A","2026-09-07","A","HSIM - 04","NCBB","PART",4.546,733,"PACKED",YES,NO,NO,NO,"PACKED","Completed / Ready for Dispatch"
"25070926A-006","25070926A","2026-09-07","A","HSIM - 04","NCBB","PART",4.48,723,"OPEN",YES,NO,NO,NO,"OPEN","🟢 Ready for Trimming Stage"
"25070926A-007","25070926A","2026-09-07","A","HSIM - 04","NCBB","PART",2.05,331,"OPEN",YES,NO,NO,NO,"OPEN","🟢 Ready for Trimming Stage"
"25070926A-R01","25070926A","2026-09-07","A","HSIM - 04","NCBB","RUNNER",2.95,0,"OPEN",YES,NO,NO,NO,"OPEN","Runner Scrap Weighment"
"25070926B-001","25070926B","2026-09-07","B","HSIM - 04","NCBB","PART",3.55,573,"OPEN",YES,NO,NO,NO,"OPEN","🟢 Ready for Trimming Stage"
"25070926B-002","25070926B","2026-09-07","B","HSIM - 04","NCBB","PART",3.97,640,"OPEN",YES,NO,NO,NO,"OPEN","🟢 Ready for Trimming Stage"
"25070926B-003","25070926B","2026-09-07","B","HSIM - 04","NCBB","PART",3.85,621,"OPEN",YES,NO,NO,NO,"OPEN","🟢 Ready for Trimming Stage"
"25070926B-004","25070926B","2026-09-07","B","HSIM - 04","NCBB","PART",3.67,592,"OPEN",YES,NO,NO,NO,"OPEN","🟢 Ready for Trimming Stage"
"25070926B-005","25070926B","2026-09-07","B","HSIM - 04","NCBB","PART",3.91,631,"OPEN",YES,NO,NO,NO,"OPEN","🟢 Ready for Trimming Stage"
"25070926B-006","25070926B","2026-09-07","B","HSIM - 04","NCBB","PART",3.88,626,"OPEN",YES,NO,NO,NO,"OPEN","🟢 Ready for Trimming Stage"
"25070926B-007","25070926B","2026-09-07","B","HSIM - 04","NCBB","PART",3.4,548,"OPEN",YES,NO,NO,NO,"OPEN","🟢 Ready for Trimming Stage"
"25070926B-008","25070926B","2026-09-07","B","HSIM - 04","NCBB","PART",3.19,515,"OPEN",YES,NO,NO,NO,"OPEN","🟢 Ready for Trimming Stage"
"25070926B-R01","25070926B","2026-09-07","B","HSIM - 04","NCBB","RUNNER",3.62,0,"OPEN",YES,NO,NO,NO,"OPEN","Runner Scrap Weighment"
"25070926B-REJ-122415","25070926B","2026-09-07","B","HSIM - 04","NCBB","PART",0.074,0,"N/A",YES,NO,NO,NO,"OPEN","🟢 Ready for Trimming Stage"
"2070926B-001","2070926B","2026-09-07","B","HSIM - 05","F364 16C","PART",7,2389,"PACKED",YES,NO,NO,NO,"PACKED","Completed / Ready for Dispatch"
"2070926B-002","2070926B","2026-09-07","B","HSIM - 05","F364 16C","PART",7.42,2532,"PACKED",YES,NO,NO,NO,"PACKED","Completed / Ready for Dispatch"
"2070926B-003","2070926B","2026-09-07","B","HSIM - 05","F364 16C","PART",2.52,860,"PACKED",YES,NO,NO,NO,"PACKED","Completed / Ready for Dispatch"
"2070926B-R01","2070926B","2026-09-07","B","HSIM - 05","F364 16C","RUNNER",4.92,0,"OPEN",YES,NO,NO,NO,"OPEN","Runner Scrap Weighment"
"2070926A-001","2070926A","2026-09-07","A","HSIM - 05","F364 16C","PART",8.95,2983,"PACKED",YES,NO,NO,NO,"PACKED","Completed / Ready for Dispatch"
"2070926A-002","2070926A","2026-09-07","A","HSIM - 05","F364 16C","PART",7.39,2463,"PACKED",YES,NO,NO,NO,"PACKED","Completed / Ready for Dispatch"
"2070926A-003","2070926A","2026-09-07","A","HSIM - 05","F364 16C","PART",7.59,2530,"PACKED",YES,NO,NO,NO,"PACKED","Completed / Ready for Dispatch"
"2070926A-R01","2070926A","2026-09-07","A","HSIM - 05","F364 16C","RUNNER",2.51,0,"OPEN",YES,NO,NO,NO,"OPEN","Runner Scrap Weighment"
"2070926A-R02","2070926A","2026-09-07","A","HSIM - 05","F364 16C","RUNNER",4.3,0,"OPEN",YES,NO,NO,NO,"OPEN","Runner Scrap Weighment"
"2070926A-REJ-141745","2070926A","2026-09-07","A","HSIM - 05","F364 16C","PART",0.036,0,"N/A",YES,NO,NO,NO,"OPEN","🟢 Ready for Trimming Stage"
"16070926A-001","16070926A","2026-09-07","A","VSIM - 01","AA03","PART",6.76,1862,"PACKED",YES,NO,NO,NO,"PACKED","Completed / Ready for Dispatch"
"16070926A-002","16070926A","2026-09-07","A","VSIM - 01","AA03","PART",5.94,1636,"OPEN",YES,NO,NO,NO,"OPEN","🟢 Ready for Trimming Stage"
"16070926A-003","16070926A","2026-09-07","A","VSIM - 01","AA03","PART",4.81,1325,"OPEN",YES,NO,NO,NO,"OPEN","🟢 Ready for Trimming Stage"
"16070926A-R01","16070926A","2026-09-07","A","VSIM - 01","AA03","RUNNER",4.55,0,"OPEN",YES,NO,NO,NO,"OPEN","Runner Scrap Weighment"
"16070926A-REJ-142511","16070926A","2026-09-07","A","VSIM - 01","AA03","PART",0.119,0,"N/A",YES,NO,NO,NO,"OPEN","🟢 Ready for Trimming Stage"
"W18080926A-001","W18080926A","2026-09-08","A","VIM - 02","ATBAB","PART",2.85,785,"PACKED",YES,NO,NO,NO,"PACKED","Completed / Ready for Dispatch"
"W18080926A-R01","W18080926A","2026-09-08","A","VIM - 02","ATBAB","RUNNER",0.31,0,"OPEN",YES,NO,NO,NO,"OPEN","Runner Scrap Weighment"
"W18080926A-REJ-111104","W18080926A","2026-09-08","A","VIM - 02","ATBAB","PART",0.202,0,"N/A",YES,NO,NO,NO,"OPEN","🟢 Ready for Trimming Stage"
"W18080926A-LUMP-111104","W18080926A","2026-09-08","A","VIM - 02","ATBAB","PART",0.013,0,"N/A",YES,NO,NO,NO,"OPEN","🟢 Ready for Trimming Stage"
"28080926A-001","28080926A","2026-09-08","A","VIM - 02","2200","PART",2.8,1493,"OPEN",YES,NO,NO,NO,"OPEN","🟢 Ready for Trimming Stage"
"28080926A-002","28080926A","2026-09-08","A","VIM - 02","2200","PART",0.48,296,"OPEN",YES,NO,NO,NO,"OPEN","🟢 Ready for Trimming Stage"
"28080926A-REJ-113245","28080926A","2026-09-08","A","VIM - 02","2200","PART",0.077,0,"N/A",YES,NO,NO,NO,"OPEN","🟢 Ready for Trimming Stage"
"10080926A-001","10080926A","2026-09-08","A","HSIM - 01","AA02 Y","PART",2.2,1257,"OPEN",YES,NO,NO,NO,"OPEN","🟢 Ready for Trimming Stage"
"10080926A-R01","10080926A","2026-09-08","A","HSIM - 01","AA02 Y","RUNNER",0.9,0,"OPEN",YES,NO,NO,NO,"OPEN","Runner Scrap Weighment"
"10080926A-REJ-113750","10080926A","2026-09-08","A","HSIM - 01","AA02 Y","PART",0.145,0,"N/A",YES,NO,NO,NO,"OPEN","🟢 Ready for Trimming Stage"
"16080926A-001","16080926A","2026-09-08","A","VSIM - 01","AA03","PART",5.47,1507,"OPEN",YES,NO,NO,NO,"OPEN","🟢 Ready for Trimming Stage"
"16080926A-002","16080926A","2026-09-08","A","VSIM - 01","AA03","PART",5.44,1499,"OPEN",YES,NO,NO,NO,"OPEN","🟢 Ready for Trimming Stage"
"16080926A-003","16080926A","2026-09-08","A","VSIM - 01","AA03","PART",3.31,912,"OPEN",YES,NO,NO,NO,"OPEN","🟢 Ready for Trimming Stage"
"16080926A-R01","16080926A","2026-09-08","A","VSIM - 01","AA03","RUNNER",3.72,0,"OPEN",YES,NO,NO,NO,"OPEN","Runner Scrap Weighment"
"16080926A-REJ-114401","16080926A","2026-09-08","A","VSIM - 01","AA03","PART",0.185,0,"N/A",YES,NO,NO,NO,"OPEN","🟢 Ready for Trimming Stage"
"16080926B-001","16080926B","2026-09-08","B","VSIM - 01","AA03","PART",5.58,1537,"OPEN",YES,NO,NO,NO,"OPEN","🟢 Ready for Trimming Stage"
"16080926B-R01","16080926B","2026-09-08","B","VSIM - 01","AA03","RUNNER",1.49,0,"OPEN",YES,NO,NO,NO,"OPEN","Runner Scrap Weighment"
"16080926B-REJ-114535","16080926B","2026-09-08","B","VSIM - 01","AA03","PART",0.027,0,"N/A",YES,NO,NO,NO,"OPEN","🟢 Ready for Trimming Stage"
"16080926B-LUMP-114535","16080926B","2026-09-08","B","VSIM - 01","AA03","PART",0.032,0,"N/A",YES,NO,NO,NO,"OPEN","🟢 Ready for Trimming Stage"
"9080926A-001","9080926A","2026-09-08","A","HSIM - 01","AN6B","PART",7.93,3346,"PACKED",YES,NO,NO,NO,"PACKED","Completed / Ready for Dispatch"
"9080926A-R01","9080926A","2026-09-08","A","HSIM - 01","AN6B","RUNNER",3,0,"OPEN",YES,NO,NO,NO,"OPEN","Runner Scrap Weighment"
"9080926A-REJ-132229","9080926A","2026-09-08","A","HSIM - 01","AN6B","PART",0.397,0,"N/A",YES,NO,NO,NO,"OPEN","🟢 Ready for Trimming Stage"
"9080926A-LUMP-132229","9080926A","2026-09-08","A","HSIM - 01","AN6B","PART",0.107,0,"N/A",YES,NO,NO,NO,"OPEN","🟢 Ready for Trimming Stage"
"9080926B-001","9080926B","2026-09-08","B","HSIM - 01","AN6B","PART",7.46,3148,"PACKED",YES,NO,NO,NO,"PACKED","Completed / Ready for Dispatch"
"9080926B-002","9080926B","2026-09-08","B","HSIM - 01","AN6B","PART",6.15,2595,"PACKED",YES,NO,NO,NO,"PACKED","Completed / Ready for Dispatch"
"9080926B-R01","9080926B","2026-09-08","B","HSIM - 01","AN6B","RUNNER",5.08,0,"OPEN",YES,NO,NO,NO,"OPEN","Runner Scrap Weighment"
"9080926B-REJ-132739","9080926B","2026-09-08","B","HSIM - 01","AN6B","PART",0.124,0,"N/A",YES,NO,NO,NO,"OPEN","🟢 Ready for Trimming Stage"
"25080926A-001","25080926A","2026-09-08","A","HSIM - 04","NCBB","PART",4.05,653,"OPEN",YES,NO,NO,NO,"OPEN","🟢 Ready for Trimming Stage"
"25080926A-002","25080926A","2026-09-08","A","HSIM - 04","NCBB","PART",4.16,671,"OPEN",YES,NO,NO,NO,"OPEN","🟢 Ready for Trimming Stage"
"25080926A-003","25080926A","2026-09-08","A","HSIM - 04","NCBB","PART",4.11,663,"OPEN",YES,NO,NO,NO,"OPEN","🟢 Ready for Trimming Stage"
"25080926A-004","25080926A","2026-09-08","A","HSIM - 04","NCBB","PART",4.01,647,"OPEN",YES,NO,NO,NO,"OPEN","🟢 Ready for Trimming Stage"
"25080926A-005","25080926A","2026-09-08","A","HSIM - 04","NCBB","PART",4.04,652,"OPEN",YES,NO,NO,NO,"OPEN","🟢 Ready for Trimming Stage"
"25080926A-006","25080926A","2026-09-08","A","HSIM - 04","NCBB","PART",1.61,260,"OPEN",YES,NO,NO,NO,"OPEN","🟢 Ready for Trimming Stage"
"25080926A-R01","25080926A","2026-09-08","A","HSIM - 04","NCBB","RUNNER",2.6,0,"OPEN",YES,NO,NO,NO,"OPEN","Runner Scrap Weighment"
"25080926A-REJ-141633","25080926A","2026-09-08","A","HSIM - 04","NCBB","PART",0.298,0,"N/A",YES,NO,NO,NO,"OPEN","🟢 Ready for Trimming Stage"
"25080926A-LUMP-141633","25080926A","2026-09-08","A","HSIM - 04","NCBB","PART",0.065,0,"N/A",YES,NO,NO,NO,"OPEN","🟢 Ready for Trimming Stage"
"2080926A-001","2080926A","2026-09-08","A","HSIM - 05","F364 16C","PART",7.66,2553,"PACKED",YES,NO,NO,NO,"PACKED","Completed / Ready for Dispatch"
"2080926A-002","2080926A","2026-09-08","A","HSIM - 05","F364 16C","PART",8.32,2773,"PACKED",YES,NO,NO,NO,"PACKED","Completed / Ready for Dispatch"
"2080926A-003","2080926A","2026-09-08","A","HSIM - 05","F364 16C","PART",7.58,2527,"PACKED",YES,NO,NO,NO,"PACKED","Completed / Ready for Dispatch"
"2080926A-004","2080926A","2026-09-08","A","HSIM - 05","F364 16C","PART",7.93,2643,"PACKED",YES,NO,NO,NO,"PACKED","Completed / Ready for Dispatch"
"2080926A-005","2080926A","2026-09-08","A","HSIM - 05","F364 16C","PART",7.44,2480,"ON_HOLD",YES,NO,NO,NO,"OPEN","🟢 Ready for Trimming Stage"
"2080926A-006","2080926A","2026-09-08","A","HSIM - 05","F364 16C","PART",7.11,2370,"ON_HOLD",YES,NO,NO,NO,"OPEN","🟢 Ready for Trimming Stage"
"2080926A-R01","2080926A","2026-09-08","A","HSIM - 05","F364 16C","RUNNER",4.43,0,"OPEN",YES,NO,NO,NO,"OPEN","Runner Scrap Weighment"
"2080926A-R02","2080926A","2026-09-08","A","HSIM - 05","F364 16C","RUNNER",4.21,0,"OPEN",YES,NO,NO,NO,"OPEN","Runner Scrap Weighment"
"2080926A-R03","2080926A","2026-09-08","A","HSIM - 05","F364 16C","RUNNER",4.9,0,"OPEN",YES,NO,NO,NO,"OPEN","Runner Scrap Weighment"
"2080926A-REJ-160415","2080926A","2026-09-08","A","HSIM - 05","F364 16C","PART",0.717,0,"N/A",YES,NO,NO,NO,"OPEN","🟢 Ready for Trimming Stage"
"2080926B-001","2080926B","2026-09-08","B","HSIM - 05","F364 16C","PART",5.97,1990,"PACKED",YES,NO,NO,NO,"PACKED","Completed / Ready for Dispatch"
"2080926B-002","2080926B","2026-09-08","B","HSIM - 05","F364 16C","PART",7.5,2500,"PACKED",YES,NO,NO,NO,"PACKED","Completed / Ready for Dispatch"
"2080926B-003","2080926B","2026-09-08","B","HSIM - 05","F364 16C","PART",7.98,2660,"PACKED",YES,NO,NO,NO,"PACKED","Completed / Ready for Dispatch"
"2080926B-004","2080926B","2026-09-08","B","HSIM - 05","F364 16C","PART",7.79,2597,"PACKED",YES,NO,NO,NO,"PACKED","Completed / Ready for Dispatch"
"2080926B-R01","2080926B","2026-09-08","B","HSIM - 05","F364 16C","RUNNER",4.57,0,"OPEN",YES,NO,NO,NO,"OPEN","Runner Scrap Weighment"
"2080926B-R02","2080926B","2026-09-08","B","HSIM - 05","F364 16C","RUNNER",3.81,0,"OPEN",YES,NO,NO,NO,"OPEN","Runner Scrap Weighment"
"2080926B-REJ-162708","2080926B","2026-09-08","B","HSIM - 05","F364 16C","PART",0.297,0,"N/A",YES,NO,NO,NO,"OPEN","🟢 Ready for Trimming Stage"
"45080926A-001","45080926A","2026-09-08","A","HSIM - 02","UMNAA","PART",5.15,1447,"PACKED",YES,NO,NO,NO,"PACKED","Completed / Ready for Dispatch"
"45080926A-002","45080926A","2026-09-08","A","HSIM - 02","UMNAA","PART",2.91,817,"PACKED",YES,NO,NO,NO,"PACKED","Completed / Ready for Dispatch"
"45080926A-R01","45080926A","2026-09-08","A","HSIM - 02","UMNAA","RUNNER",2.76,0,"OPEN",YES,NO,NO,NO,"OPEN","Runner Scrap Weighment"
"45080926A-REJ-162821","45080926A","2026-09-08","A","HSIM - 02","UMNAA","PART",0.893,0,"N/A",YES,NO,NO,NO,"OPEN","🟢 Ready for Trimming Stage"
"24090926A-001","24090926A","2026-09-09","A","HSIM - 05","NCBA","PART",4.49,750,"PACKED",YES,NO,NO,NO,"PACKED","Completed / Ready for Dispatch"
"24090926A-002","24090926A","2026-09-09","A","HSIM - 05","NCBA","PART",4.94,825,"PACKED",YES,NO,NO,NO,"PACKED","Completed / Ready for Dispatch"
"24090926A-003","24090926A","2026-09-09","A","HSIM - 05","NCBA","PART",1.94,324,"PACKED",YES,NO,NO,NO,"PACKED","Completed / Ready for Dispatch"
"24090926A-R01","24090926A","2026-09-09","A","HSIM - 05","NCBA","RUNNER",1.46,0,"OPEN",YES,NO,NO,NO,"OPEN","Runner Scrap Weighment"
"24090926A-REJ-102128","24090926A","2026-09-09","A","HSIM - 05","NCBA","PART",0.213,0,"N/A",YES,NO,NO,NO,"OPEN","🟢 Ready for Trimming Stage"
"W18090926A-001","W18090926A","2026-09-09","A","VIM - 02","ATBAB","PART",6.32,1741,"INSPECTED",YES,NO,NO,NO,"INSPECTED","Ready for Packing Stage"
"W18090926A-002","W18090926A","2026-09-09","A","VIM - 02","ATBAB","PART",2.01,554,"TRIMMED",YES,NO,NO,NO,"TRIMMED","Ready for Inspection Stage"
"W18090926A-R01","W18090926A","2026-09-09","A","VIM - 02","ATBAB","RUNNER",0.84,0,"OPEN",YES,NO,NO,NO,"OPEN","Runner Scrap Weighment"
"W18090926A-REJ-110637","W18090926A","2026-09-09","A","VIM - 02","ATBAB","PART",0.138,0,"N/A",YES,NO,NO,NO,"OPEN","🟢 Ready for Trimming Stage"
"W18090926A-LUMP-110637","W18090926A","2026-09-09","A","VIM - 02","ATBAB","PART",0.167,0,"N/A",YES,NO,NO,NO,"OPEN","🟢 Ready for Trimming Stage"
"9090926A-001","9090926A","2026-09-09","A","HSIM - 01","AN6B","PART",7.05,2975,"PACKED",YES,NO,NO,NO,"PACKED","Completed / Ready for Dispatch"
"9090926A-002","9090926A","2026-09-09","A","HSIM - 01","AN6B","PART",4.22,1781,"PACKED",YES,NO,NO,NO,"PACKED","Completed / Ready for Dispatch"
"9090926A-R01","9090926A","2026-09-09","A","HSIM - 01","AN6B","RUNNER",4.2,0,"OPEN",YES,NO,NO,NO,"OPEN","Runner Scrap Weighment"
"9090926A-REJ-110826","9090926A","2026-09-09","A","HSIM - 01","AN6B","PART",0.179,0,"N/A",YES,NO,NO,NO,"OPEN","🟢 Ready for Trimming Stage"
"45090926A-001","45090926A","2026-09-09","A","HSIM - 02","UMNAA","PART",5.56,1562,"PACKED",YES,NO,NO,NO,"PACKED","Completed / Ready for Dispatch"
"45090926A-002","45090926A","2026-09-09","A","HSIM - 02","UMNAA","PART",4.03,1132,"PACKED",YES,NO,NO,NO,"PACKED","Completed / Ready for Dispatch"
"45090926A-R01","45090926A","2026-09-09","A","HSIM - 02","UMNAA","RUNNER",3.18,0,"OPEN",YES,NO,NO,NO,"OPEN","Runner Scrap Weighment"
"45090926A-REJ-110935","45090926A","2026-09-09","A","HSIM - 02","UMNAA","PART",0.134,0,"N/A",YES,NO,NO,NO,"OPEN","🟢 Ready for Trimming Stage"
"P2090926A-001","P2090926A","2026-09-09","A","HSIM - 03","PUNE S","PART",3.73,3730,"OPEN",YES,NO,NO,NO,"OPEN","🟢 Ready for Trimming Stage"
"P2090926A-R01","P2090926A","2026-09-09","A","HSIM - 03","PUNE S","RUNNER",3.29,0,"OPEN",YES,NO,NO,NO,"OPEN","Runner Scrap Weighment"
"P2090926A-REJ-111122","P2090926A","2026-09-09","A","HSIM - 03","PUNE S","PART",0.041,0,"N/A",YES,NO,NO,NO,"OPEN","🟢 Ready for Trimming Stage"
"33090926A-001","33090926A","2026-09-09","A","HSIM - 04","LBB","PART",11.11,1830,"PACKED",YES,NO,NO,NO,"PACKED","Completed / Ready for Dispatch"
"33090926A-002","33090926A","2026-09-09","A","HSIM - 04","LBB","PART",7.03,1158,"PACKED",YES,NO,NO,NO,"PACKED","Completed / Ready for Dispatch"
"33090926A-R01","33090926A","2026-09-09","A","HSIM - 04","LBB","RUNNER",4.31,0,"OPEN",YES,NO,NO,NO,"OPEN","Runner Scrap Weighment"
"33090926A-R02","33090926A","2026-09-09","A","HSIM - 04","LBB","RUNNER",0.68,0,"OPEN",YES,NO,NO,NO,"OPEN","Runner Scrap Weighment"
"33090926A-REJ-111945","33090926A","2026-09-09","A","HSIM - 04","LBB","PART",0.112,0,"N/A",YES,NO,NO,NO,"OPEN","🟢 Ready for Trimming Stage"
"33090926B-001","33090926B","2026-09-09","B","HSIM - 04","LBB","PART",8.47,1395,"INSPECTED",YES,NO,NO,NO,"INSPECTED","Ready for Packing Stage"
"33090926B-002","33090926B","2026-09-09","B","HSIM - 04","LBB","PART",7.8,1285,"INSPECTED",YES,NO,NO,NO,"INSPECTED","Ready for Packing Stage"
"33090926B-003","33090926B","2026-09-09","B","HSIM - 04","LBB","PART",8.55,1409,"OPEN",YES,NO,NO,NO,"OPEN","🟢 Ready for Trimming Stage"
"33090926B-004","33090926B","2026-09-09","B","HSIM - 04","LBB","PART",7.78,1282,"OPEN",YES,NO,NO,NO,"OPEN","🟢 Ready for Trimming Stage"
"33090926B-R01","33090926B","2026-09-09","B","HSIM - 04","LBB","RUNNER",5.03,0,"OPEN",YES,NO,NO,NO,"OPEN","Runner Scrap Weighment"
"33090926B-R02","33090926B","2026-09-09","B","HSIM - 04","LBB","RUNNER",3.85,0,"OPEN",YES,NO,NO,NO,"OPEN","Runner Scrap Weighment"
"33090926B-REJ-112158","33090926B","2026-09-09","B","HSIM - 04","LBB","PART",0.062,0,"N/A",YES,NO,NO,NO,"OPEN","🟢 Ready for Trimming Stage"
"24090926B-001","24090926B","2026-09-09","B","HSIM - 05","NCBA","PART",4.27,713,"PACKED",YES,NO,NO,NO,"PACKED","Completed / Ready for Dispatch"
"24090926B-002","24090926B","2026-09-09","B","HSIM - 05","NCBA","PART",4.39,733,"PACKED",YES,NO,NO,NO,"PACKED","Completed / Ready for Dispatch"
"24090926B-003","24090926B","2026-09-09","B","HSIM - 05","NCBA","PART",5.07,846,"PACKED",YES,NO,NO,NO,"PACKED","Completed / Ready for Dispatch"
"24090926B-004","24090926B","2026-09-09","B","HSIM - 05","NCBA","PART",4.75,793,"PACKED",YES,NO,NO,NO,"PACKED","Completed / Ready for Dispatch"
"24090926B-005","24090926B","2026-09-09","B","HSIM - 05","NCBA","PART",4.78,798,"OPEN",YES,NO,NO,NO,"OPEN","🟢 Ready for Trimming Stage"
"24090926B-006","24090926B","2026-09-09","B","HSIM - 05","NCBA","PART",4.5,751,"OPEN",YES,NO,NO,NO,"OPEN","🟢 Ready for Trimming Stage"
"24090926B-R01","24090926B","2026-09-09","B","HSIM - 05","NCBA","RUNNER",3.59,0,"OPEN",YES,NO,NO,NO,"OPEN","Runner Scrap Weighment"
"24090926B-REJ-112843","24090926B","2026-09-09","B","HSIM - 05","NCBA","PART",0.079,0,"N/A",YES,NO,NO,NO,"OPEN","🟢 Ready for Trimming Stage"
"16090926A-001","16090926A","2026-09-09","A","VSIM - 01","AA03","PART",6.25,1722,"OPEN",YES,NO,NO,NO,"OPEN","🟢 Ready for Trimming Stage"
"16090926A-002","16090926A","2026-09-09","A","VSIM - 01","AA03","PART",6.67,1837,"OPEN",YES,NO,NO,NO,"OPEN","🟢 Ready for Trimming Stage"
"16090926A-R01","16090926A","2026-09-09","A","VSIM - 01","AA03","RUNNER",3.37,0,"OPEN",YES,NO,NO,NO,"OPEN","Runner Scrap Weighment"
"16090926A-REJ-113027","16090926A","2026-09-09","A","VSIM - 01","AA03","PART",0.09,0,"N/A",YES,NO,NO,NO,"OPEN","🟢 Ready for Trimming Stage"
"16090926A-LUMP-113027","16090926A","2026-09-09","A","VSIM - 01","AA03","PART",0.167,0,"N/A",YES,NO,NO,NO,"OPEN","🟢 Ready for Trimming Stage"
"16100926A-001","16100926A","2026-09-10","A","VSIM - 01","AA03","PART",2.69,741,"OPEN",YES,NO,NO,NO,"OPEN","🟢 Ready for Trimming Stage"
"16100926A-R01","16100926A","2026-09-10","A","VSIM - 01","AA03","RUNNER",0.74,0,"OPEN",YES,NO,NO,NO,"OPEN","Runner Scrap Weighment"
"16100926A-REJ-121136","16100926A","2026-09-10","A","VSIM - 01","AA03","PART",0.116,0,"N/A",YES,NO,NO,NO,"OPEN","🟢 Ready for Trimming Stage"
"5080926A-001","5080926A","2026-09-08","A","VIM - 03","F442 WB","PART",0.52,133,"PACKED",YES,NO,NO,NO,"PACKED","Completed / Ready for Dispatch"
"5090926A-001","5090926A","2026-09-09","A","VIM - 03","F442 WB","PART",1.38,353,"PACKED",YES,NO,NO,NO,"PACKED","Completed / Ready for Dispatch"
"5090926A-REJ-123959","5090926A","2026-09-09","A","VIM - 03","F442 WB","PART",0.059,0,"N/A",YES,NO,NO,NO,"OPEN","🟢 Ready for Trimming Stage"
"2090926A-001","2090926A","2026-09-09","A","HSIM - 05","F364 16C","PART",8.54,2847,"PACKED",YES,NO,NO,NO,"PACKED","Completed / Ready for Dispatch"
"2090926A-R01","2090926A","2026-09-09","A","HSIM - 05","F364 16C","RUNNER",2.42,0,"OPEN",YES,NO,NO,NO,"OPEN","Runner Scrap Weighment"
"2090926A-REJ-153421","2090926A","2026-09-09","A","HSIM - 05","F364 16C","PART",0.061,0,"N/A",YES,NO,NO,NO,"OPEN","🟢 Ready for Trimming Stage"
"9100926A-001","9100926A","2026-09-10","A","HSIM - 01","AN6B","PART",5.95,2511,"PACKED",YES,NO,NO,NO,"PACKED","Completed / Ready for Dispatch"
"9100926A-002","9100926A","2026-09-10","A","HSIM - 01","AN6B","PART",5.19,2190,"PACKED",YES,NO,NO,NO,"PACKED","Completed / Ready for Dispatch"
"9100926A-R01","9100926A","2026-09-10","A","HSIM - 01","AN6B","RUNNER",4.07,0,"OPEN",YES,NO,NO,NO,"OPEN","Runner Scrap Weighment"
"9100926A-REJ-105504","9100926A","2026-09-10","A","HSIM - 01","AN6B","PART",0.113,0,"N/A",YES,NO,NO,NO,"OPEN","🟢 Ready for Trimming Stage"
"47100926A-001","47100926A","2026-09-10","A","HSIM - 02","NDGAA","PART",6.7,3350,"REWORK_INSPECTION",YES,NO,NO,NO,"OPEN","🟢 Ready for Trimming Stage"
"47100926A-002","47100926A","2026-09-10","A","HSIM - 02","NDGAA","PART",3.84,1920,"REWORK_INSPECTION",YES,NO,NO,NO,"OPEN","🟢 Ready for Trimming Stage"
"47100926A-R01","47100926A","2026-09-10","A","HSIM - 02","NDGAA","RUNNER",4.94,0,"OPEN",YES,NO,NO,NO,"OPEN","Runner Scrap Weighment"
"47100926A-REJ-105744","47100926A","2026-09-10","A","HSIM - 02","NDGAA","PART",0.179,0,"N/A",YES,NO,NO,NO,"OPEN","🟢 Ready for Trimming Stage"
"P2100926A-001","P2100926A","2026-09-10","A","HSIM - 03","PUNE S","PART",4.84,4840,"OPEN",YES,NO,NO,NO,"OPEN","🟢 Ready for Trimming Stage"
"P2100926A-R01","P2100926A","2026-09-10","A","HSIM - 03","PUNE S","RUNNER",4.16,0,"OPEN",YES,NO,NO,NO,"OPEN","Runner Scrap Weighment"
"P2100926A-REJ-105858","P2100926A","2026-09-10","A","HSIM - 03","PUNE S","PART",0.038,0,"N/A",YES,NO,NO,NO,"OPEN","🟢 Ready for Trimming Stage"
"33100926A-001","33100926A","2026-09-10","A","HSIM - 04","LBB","PART",8.07,1329,"OPEN",YES,NO,NO,NO,"OPEN","🟢 Ready for Trimming Stage"
"33100926A-002","33100926A","2026-09-10","A","HSIM - 04","LBB","PART",8.29,1366,"OPEN",YES,NO,NO,NO,"OPEN","🟢 Ready for Trimming Stage"
"33100926A-003","33100926A","2026-09-10","A","HSIM - 04","LBB","PART",8.34,1374,"OPEN",YES,NO,NO,NO,"OPEN","🟢 Ready for Trimming Stage"
"33100926A-004","33100926A","2026-09-10","A","HSIM - 04","LBB","PART",6.35,1046,"OPEN",YES,NO,NO,NO,"OPEN","🟢 Ready for Trimming Stage"
"33100926A-R01","33100926A","2026-09-10","A","HSIM - 04","LBB","RUNNER",6.09,0,"OPEN",YES,NO,NO,NO,"OPEN","Runner Scrap Weighment"
"33100926A-R02","33100926A","2026-09-10","A","HSIM - 04","LBB","RUNNER",2.36,0,"OPEN",YES,NO,NO,NO,"OPEN","Runner Scrap Weighment"
"33100926A-REJ-110103","33100926A","2026-09-10","A","HSIM - 04","LBB","PART",0.038,0,"N/A",YES,NO,NO,NO,"OPEN","🟢 Ready for Trimming Stage"
"24100926A-001","24100926A","2026-09-10","A","HSIM - 05","NCBA","PART",4.34,725,"OPEN",YES,NO,NO,NO,"OPEN","🟢 Ready for Trimming Stage"
"24100926A-002","24100926A","2026-09-10","A","HSIM - 05","NCBA","PART",4.33,723,"OPEN",YES,NO,NO,NO,"OPEN","🟢 Ready for Trimming Stage"
"24100926A-003","24100926A","2026-09-10","A","HSIM - 05","NCBA","PART",4.35,726,"OPEN",YES,NO,NO,NO,"OPEN","🟢 Ready for Trimming Stage"
"24100926A-004","24100926A","2026-09-10","A","HSIM - 05","NCBA","PART",4.46,745,"OPEN",YES,NO,NO,NO,"OPEN","🟢 Ready for Trimming Stage"
"24100926A-005","24100926A","2026-09-10","A","HSIM - 05","NCBA","PART",5.5,918,"OPEN",YES,NO,NO,NO,"OPEN","🟢 Ready for Trimming Stage"
"24100926A-006","24100926A","2026-09-10","A","HSIM - 05","NCBA","PART",4.91,820,"OPEN",YES,NO,NO,NO,"OPEN","🟢 Ready for Trimming Stage"
"24100926A-R01","24100926A","2026-09-10","A","HSIM - 05","NCBA","RUNNER",3.49,0,"OPEN",YES,NO,NO,NO,"OPEN","Runner Scrap Weighment"
"24100926A-REJ-110307","24100926A","2026-09-10","A","HSIM - 05","NCBA","PART",0.046,0,"N/A",YES,NO,NO,NO,"OPEN","🟢 Ready for Trimming Stage"
"24100926B-001","24100926B","2026-09-10","B","HSIM - 05","NCBA","PART",4.77,796,"OPEN",YES,NO,NO,NO,"OPEN","🟢 Ready for Trimming Stage"
"24100926B-002","24100926B","2026-09-10","B","HSIM - 05","NCBA","PART",4.37,730,"OPEN",YES,NO,NO,NO,"OPEN","🟢 Ready for Trimming Stage"
"24100926B-003","24100926B","2026-09-10","B","HSIM - 05","NCBA","PART",4.6,768,"OPEN",YES,NO,NO,NO,"OPEN","🟢 Ready for Trimming Stage"
"24100926B-004","24100926B","2026-09-10","B","HSIM - 05","NCBA","PART",4.56,761,"OPEN",YES,NO,NO,NO,"OPEN","🟢 Ready for Trimming Stage"
"24100926B-005","24100926B","2026-09-10","B","HSIM - 05","NCBA","PART",4.56,761,"OPEN",YES,NO,NO,NO,"OPEN","🟢 Ready for Trimming Stage"
"24100926B-006","24100926B","2026-09-10","B","HSIM - 05","NCBA","PART",4.69,783,"OPEN",YES,NO,NO,NO,"OPEN","🟢 Ready for Trimming Stage"
"24100926B-R01","24100926B","2026-09-10","B","HSIM - 05","NCBA","RUNNER",3.58,0,"OPEN",YES,NO,NO,NO,"OPEN","Runner Scrap Weighment"
"24100926B-REJ-111224","24100926B","2026-09-10","B","HSIM - 05","NCBA","PART",0.006,0,"N/A",YES,NO,NO,NO,"OPEN","🟢 Ready for Trimming Stage"
"W18100926A-001","W18100926A","2026-09-10","A","VIM - 02","ATBAB","PART",2.34,645,"TRIMMED",YES,NO,NO,NO,"TRIMMED","Ready for Inspection Stage"
"W18100926A-R01","W18100926A","2026-09-10","A","VIM - 02","ATBAB","RUNNER",0.24,0,"OPEN",YES,NO,NO,NO,"OPEN","Runner Scrap Weighment"
"W18100926A-REJ-111852","W18100926A","2026-09-10","A","VIM - 02","ATBAB","PART",0.056,0,"N/A",YES,NO,NO,NO,"OPEN","🟢 Ready for Trimming Stage"
"W18100926A-LUMP-111852","W18100926A","2026-09-10","A","VIM - 02","ATBAB","PART",0.034,0,"N/A",YES,NO,NO,NO,"OPEN","🟢 Ready for Trimming Stage"
"27100926A-001","27100926A","2026-09-10","A","VSIM - 01","2100","PART",6.23,3314,"PACKED",YES,NO,NO,NO,"PACKED","Completed / Ready for Dispatch"
"27100926A-002","27100926A","2026-09-10","A","VSIM - 01","2100","PART",4.05,2154,"OPEN",YES,NO,NO,NO,"OPEN","🟢 Ready for Trimming Stage"
"27100926A-R01","27100926A","2026-09-10","A","VSIM - 01","2100","RUNNER",4.33,0,"OPEN",YES,NO,NO,NO,"OPEN","Runner Scrap Weighment"
"27100926A-REJ-115916","27100926A","2026-09-10","A","VSIM - 01","2100","PART",0.545,0,"N/A",YES,NO,NO,NO,"OPEN","🟢 Ready for Trimming Stage"
"27100926A-LUMP-115916","27100926A","2026-09-10","A","VSIM - 01","2100","PART",0.089,0,"N/A",YES,NO,NO,NO,"OPEN","🟢 Ready for Trimming Stage"
"27100926B-001","27100926B","2026-09-10","B","VSIM - 01","2100","PART",7.26,3862,"OPEN",YES,NO,NO,NO,"OPEN","🟢 Ready for Trimming Stage"
"27100926B-002","27100926B","2026-09-10","B","VSIM - 01","2100","PART",7.29,3878,"OPEN",YES,NO,NO,NO,"OPEN","🟢 Ready for Trimming Stage"
"27100926B-003","27100926B","2026-09-10","B","VSIM - 01","2100","PART",2.78,1479,"OPEN",YES,NO,NO,NO,"OPEN","🟢 Ready for Trimming Stage"
"27100926B-R01","27100926B","2026-09-10","B","VSIM - 01","2100","RUNNER",7,0,"OPEN",YES,NO,NO,NO,"OPEN","Runner Scrap Weighment"
"27100926B-REJ-120050","27100926B","2026-09-10","B","VSIM - 01","2100","PART",0.119,0,"N/A",YES,NO,NO,NO,"OPEN","🟢 Ready for Trimming Stage"
"33110926A-001","33110926A","2026-09-11","A","HSIM - 04","LBB","PART",8.98,1479,"OPEN",YES,NO,NO,NO,"OPEN","🟢 Ready for Trimming Stage"
"33110926A-002","33110926A","2026-09-11","A","HSIM - 04","LBB","PART",8.64,1423,"OPEN",YES,NO,NO,NO,"OPEN","🟢 Ready for Trimming Stage"
"33110926A-R01","33110926A","2026-09-11","A","HSIM - 04","LBB","RUNNER",4.81,0,"OPEN",YES,NO,NO,NO,"OPEN","Runner Scrap Weighment"
"33110926A-REJ-174254","33110926A","2026-09-11","A","HSIM - 04","LBB","PART",0.047,0,"N/A",YES,NO,NO,NO,"OPEN","🟢 Ready for Trimming Stage"
"5100926A-001","5100926A","2026-09-10","A","VIM - 03","F442 WB","PART",2.38,601,"PACKED",YES,NO,NO,NO,"PACKED","Completed / Ready for Dispatch"
"B9100926A-001","B9100926A","2026-09-10","A","VIM - 02","9AB","PART",0.95,306,"PACKED",YES,NO,NO,NO,"PACKED","Completed / Ready for Dispatch"
"B9100926A-002","B9100926A","2026-09-10","A","VIM - 02","9AB","PART",0.3,97,"PACKED",YES,NO,NO,NO,"PACKED","Completed / Ready for Dispatch"
"B9100926A-R01","B9100926A","2026-09-10","A","VIM - 02","9AB","RUNNER",0.15,0,"OPEN",YES,NO,NO,NO,"OPEN","Runner Scrap Weighment"
"B9100926A-REJ-093423","B9100926A","2026-09-10","A","VIM - 02","9AB","PART",0.056,0,"N/A",YES,NO,NO,NO,"OPEN","🟢 Ready for Trimming Stage"
"B9100926A-LUMP-093423","B9100926A","2026-09-10","A","VIM - 02","9AB","PART",0.034,0,"N/A",YES,NO,NO,NO,"OPEN","🟢 Ready for Trimming Stage"
"46110926A-001","46110926A","2026-09-11","A","HSIM - 02","UMEAA","PART",5.73,2230,"INSPECTED",YES,NO,NO,NO,"INSPECTED","Ready for Packing Stage"
"46110926A-002","46110926A","2026-09-11","A","HSIM - 02","UMEAA","PART",1.5,584,"OPEN",YES,NO,NO,NO,"OPEN","🟢 Ready for Trimming Stage"
"46110926A-R01","46110926A","2026-09-11","A","HSIM - 02","UMEAA","RUNNER",1.54,0,"OPEN",YES,NO,NO,NO,"OPEN","Runner Scrap Weighment"
"46110926A-REJ-112323","46110926A","2026-09-11","A","HSIM - 02","UMEAA","PART",0.105,0,"N/A",YES,NO,NO,NO,"OPEN","🟢 Ready for Trimming Stage"
"P1110926A-001","P1110926A","2026-09-11","A","HSIM - 03","PUNE B","PART",5.51,2335,"OPEN",YES,NO,NO,NO,"OPEN","🟢 Ready for Trimming Stage"
"P1110926A-002","P1110926A","2026-09-11","A","HSIM - 03","PUNE B","PART",4.44,1881,"OPEN",YES,NO,NO,NO,"OPEN","🟢 Ready for Trimming Stage"
"P1110926A-003","P1110926A","2026-09-11","A","HSIM - 03","PUNE B","PART",1.47,623,"OPEN",YES,NO,NO,NO,"OPEN","🟢 Ready for Trimming Stage"
"P1110926A-R01","P1110926A","2026-09-11","A","HSIM - 03","PUNE B","RUNNER",4.21,0,"OPEN",YES,NO,NO,NO,"OPEN","Runner Scrap Weighment"
"P1110926A-REJ-112531","P1110926A","2026-09-11","A","HSIM - 03","PUNE B","PART",0.092,0,"N/A",YES,NO,NO,NO,"OPEN","🟢 Ready for Trimming Stage"
"21110926A-001","21110926A","2026-09-11","A","HSIM - 04","DH7AA","PART",4.51,628,"PACKED",YES,NO,NO,NO,"PACKED","Completed / Ready for Dispatch"
"21110926A-002","21110926A","2026-09-11","A","HSIM - 04","DH7AA","PART",2.96,412,"PACKED",YES,NO,NO,NO,"PACKED","Completed / Ready for Dispatch"
"21110926A-R01","21110926A","2026-09-11","A","HSIM - 04","DH7AA","RUNNER",0.76,0,"OPEN",YES,NO,NO,NO,"OPEN","Runner Scrap Weighment"
"21110926A-REJ-114622","21110926A","2026-09-11","A","HSIM - 04","DH7AA","PART",0.865,0,"N/A",YES,NO,NO,NO,"OPEN","🟢 Ready for Trimming Stage"
"21110926B-001","21110926B","2026-09-11","B","HSIM - 04","DH7AA","PART",4.24,591,"INSPECTED",YES,NO,NO,NO,"INSPECTED","Ready for Packing Stage"
"21110926B-002","21110926B","2026-09-11","B","HSIM - 04","DH7AA","PART",4.37,609,"TRIMMED",YES,NO,NO,NO,"TRIMMED","Ready for Inspection Stage"
"21110926B-003","21110926B","2026-09-11","B","HSIM - 04","DH7AA","PART",4.04,563,"OPEN",YES,NO,NO,NO,"OPEN","🟢 Ready for Trimming Stage"
"21110926B-004","21110926B","2026-09-11","B","HSIM - 04","DH7AA","PART",4.25,592,"OPEN",YES,NO,NO,NO,"OPEN","🟢 Ready for Trimming Stage"
"21110926B-005","21110926B","2026-09-11","B","HSIM - 04","DH7AA","PART",1.84,256,"OPEN",YES,NO,NO,NO,"OPEN","🟢 Ready for Trimming Stage"
"21110926B-R01","21110926B","2026-09-11","B","HSIM - 04","DH7AA","RUNNER",1.73,0,"OPEN",YES,NO,NO,NO,"OPEN","Runner Scrap Weighment"
"21110926B-REJ-114733","21110926B","2026-09-11","B","HSIM - 04","DH7AA","PART",0.221,0,"N/A",YES,NO,NO,NO,"OPEN","🟢 Ready for Trimming Stage"
"24110926A-001","24110926A","2026-09-11","A","HSIM - 05","NCBA","PART",4.94,825,"OPEN",YES,NO,NO,NO,"OPEN","🟢 Ready for Trimming Stage"
"24110926A-002","24110926A","2026-09-11","A","HSIM - 05","NCBA","PART",4.79,800,"OPEN",YES,NO,NO,NO,"OPEN","🟢 Ready for Trimming Stage"
"24110926A-003","24110926A","2026-09-11","A","HSIM - 05","NCBA","PART",4.81,803,"OPEN",YES,NO,NO,NO,"OPEN","🟢 Ready for Trimming Stage"
"24110926A-004","24110926A","2026-09-11","A","HSIM - 05","NCBA","PART",3.47,579,"OPEN",YES,NO,NO,NO,"OPEN","🟢 Ready for Trimming Stage"
"24110926A-005","24110926A","2026-09-11","A","HSIM - 05","NCBA","PART",4.76,795,"OPEN",YES,NO,NO,NO,"OPEN","🟢 Ready for Trimming Stage"
"24110926A-006","24110926A","2026-09-11","A","HSIM - 05","NCBA","PART",3.13,523,"OPEN",YES,NO,NO,NO,"OPEN","🟢 Ready for Trimming Stage"
"24110926A-R01","24110926A","2026-09-11","A","HSIM - 05","NCBA","RUNNER",2.33,0,"OPEN",YES,NO,NO,NO,"OPEN","Runner Scrap Weighment"
"24110926A-R02","24110926A","2026-09-11","A","HSIM - 05","NCBA","RUNNER",0.96,0,"OPEN",YES,NO,NO,NO,"OPEN","Runner Scrap Weighment"
"24110926A-REJ-114957","24110926A","2026-09-11","A","HSIM - 05","NCBA","PART",0.029,0,"N/A",YES,NO,NO,NO,"OPEN","🟢 Ready for Trimming Stage"
"24110926B-001","24110926B","2026-09-11","B","HSIM - 05","NCBA","PART",4.63,773,"OPEN",YES,NO,NO,NO,"OPEN","🟢 Ready for Trimming Stage"
"24110926B-002","24110926B","2026-09-11","B","HSIM - 05","NCBA","PART",4.65,776,"OPEN",YES,NO,NO,NO,"OPEN","🟢 Ready for Trimming Stage"
"24110926B-003","24110926B","2026-09-11","B","HSIM - 05","NCBA","PART",4.68,781,"OPEN",YES,NO,NO,NO,"OPEN","🟢 Ready for Trimming Stage"
"24110926B-004","24110926B","2026-09-11","B","HSIM - 05","NCBA","PART",4.87,813,"OPEN",YES,NO,NO,NO,"OPEN","🟢 Ready for Trimming Stage"
"24110926B-005","24110926B","2026-09-11","B","HSIM - 05","NCBA","PART",4.61,770,"OPEN",YES,NO,NO,NO,"OPEN","🟢 Ready for Trimming Stage"
"24110926B-006","24110926B","2026-09-11","B","HSIM - 05","NCBA","PART",4.1,684,"OPEN",YES,NO,NO,NO,"OPEN","🟢 Ready for Trimming Stage"
"24110926B-R01","24110926B","2026-09-11","B","HSIM - 05","NCBA","RUNNER",3.6,0,"OPEN",YES,NO,NO,NO,"OPEN","Runner Scrap Weighment"
"24110926B-REJ-115115","24110926B","2026-09-11","B","HSIM - 05","NCBA","PART",0.064,0,"N/A",YES,NO,NO,NO,"OPEN","🟢 Ready for Trimming Stage"
"27110926A-001","27110926A","2026-09-11","A","VSIM - 01","2100","PART",6.53,3473,"OPEN",YES,NO,NO,NO,"OPEN","🟢 Ready for Trimming Stage"
"27110926A-002","27110926A","2026-09-11","A","VSIM - 01","2100","PART",2.25,1197,"OPEN",YES,NO,NO,NO,"OPEN","🟢 Ready for Trimming Stage"
"27110926A-R01","27110926A","2026-09-11","A","VSIM - 01","2100","RUNNER",3.48,0,"OPEN",YES,NO,NO,NO,"OPEN","Runner Scrap Weighment"
"27110926A-REJ-115347","27110926A","2026-09-11","A","VSIM - 01","2100","PART",0.036,0,"N/A",YES,NO,NO,NO,"OPEN","🟢 Ready for Trimming Stage"
"B9110926A-001","B9110926A","2026-09-11","A","VIM - 02","9AB","PART",5.58,1800,"PACKED",YES,NO,NO,NO,"PACKED","Completed / Ready for Dispatch"
"B9110926A-002","B9110926A","2026-09-11","A","VIM - 02","9AB","PART",3.48,1123,"INSPECTED",YES,NO,NO,NO,"INSPECTED","Ready for Packing Stage"
"B9110926A-003","B9110926A","2026-09-11","A","VIM - 02","9AB","PART",3.4,1097,"OPEN",YES,NO,NO,NO,"OPEN","🟢 Ready for Trimming Stage"
"B9110926A-R01","B9110926A","2026-09-11","A","VIM - 02","9AB","RUNNER",1.04,0,"OPEN",YES,NO,NO,NO,"OPEN","Runner Scrap Weighment"
"B9110926A-REJ-160007","B9110926A","2026-09-11","A","VIM - 02","9AB","PART",0.354,0,"N/A",YES,NO,NO,NO,"OPEN","🟢 Ready for Trimming Stage"
"9110926A-001","9110926A","2026-09-11","A","HSIM - 01","AN6B","PART",6.87,2899,"OPEN",YES,NO,NO,NO,"OPEN","🟢 Ready for Trimming Stage"
"9110926A-002","9110926A","2026-09-11","A","HSIM - 01","AN6B","PART",4.66,1966,"OPEN",YES,NO,NO,NO,"OPEN","🟢 Ready for Trimming Stage"
"9110926A-R01","9110926A","2026-09-11","A","HSIM - 01","AN6B","RUNNER",4.18,0,"OPEN",YES,NO,NO,NO,"OPEN","Runner Scrap Weighment"
"9110926A-REJ-160156","9110926A","2026-09-11","A","HSIM - 01","AN6B","PART",0.083,0,"N/A",YES,NO,NO,NO,"OPEN","🟢 Ready for Trimming Stage"
"9110926B-001","9110926B","2026-09-11","B","HSIM - 01","AN6B","PART",7.12,3004,"OPEN",YES,NO,NO,NO,"OPEN","🟢 Ready for Trimming Stage"
"9110926B-R01","9110926B","2026-09-11","B","HSIM - 01","AN6B","RUNNER",2.62,0,"OPEN",YES,NO,NO,NO,"OPEN","Runner Scrap Weighment"
"9110926B-REJ-160235","9110926B","2026-09-11","B","HSIM - 01","AN6B","PART",0.054,0,"N/A",YES,NO,NO,NO,"OPEN","🟢 Ready for Trimming Stage"
"110926A-001","110926A","2026-09-11","A","VSIM - 01","NA-DB","PART",5.93,2213,"PACKED",YES,NO,NO,NO,"PACKED","Completed / Ready for Dispatch"
"110926A-002","110926A","2026-09-11","A","VSIM - 01","NA-DB","PART",1.41,526,"OPEN",YES,NO,NO,NO,"OPEN","🟢 Ready for Trimming Stage"
"110926A-R01","110926A","2026-09-11","A","VSIM - 01","NA-DB","RUNNER",1.32,0,"OPEN",YES,NO,NO,NO,"OPEN","Runner Scrap Weighment"
"110926A-REJ-161143","110926A","2026-09-11","A","VSIM - 01","NA-DB","PART",0.315,0,"N/A",YES,NO,NO,NO,"OPEN","🟢 Ready for Trimming Stage"
"W14120926A-001","W14120926A","2026-09-12","A","VSIM - 01","NA-DB","PART",2.53,944,"OPEN",YES,NO,NO,NO,"OPEN","🟢 Ready for Trimming Stage"
"W14120926A-R01","W14120926A","2026-09-12","A","VSIM - 01","NA-DB","RUNNER",0.59,0,"OPEN",YES,NO,NO,NO,"OPEN","Runner Scrap Weighment"
"W14120926A-REJ-170640","W14120926A","2026-09-12","A","VSIM - 01","NA-DB","PART",0.096,0,"N/A",YES,NO,NO,NO,"OPEN","🟢 Ready for Trimming Stage"
"W15120926A-001","W15120926A","2026-09-12","A","VSIM - 01","NA-LC","PART",1.28,895,"PACKED",YES,NO,NO,NO,"PACKED","Completed / Ready for Dispatch"
"W15120926A-002","W15120926A","2026-09-12","A","VSIM - 01","NA-LC","PART",0.34,238,"INSPECTED",YES,NO,NO,NO,"INSPECTED","Ready for Packing Stage"
"9120926A-001","9120926A","2026-09-12","A","HSIM - 01","AN6B","PART",6.88,2903,"OPEN",YES,NO,NO,NO,"OPEN","🟢 Ready for Trimming Stage"
"9120926A-002","9120926A","2026-09-12","A","HSIM - 01","AN6B","PART",1.16,489,"OPEN",YES,NO,NO,NO,"OPEN","🟢 Ready for Trimming Stage"
"9120926A-R01","9120926A","2026-09-12","A","HSIM - 01","AN6B","RUNNER",2.88,0,"OPEN",YES,NO,NO,NO,"OPEN","Runner Scrap Weighment"
"9120926A-REJ-105427","9120926A","2026-09-12","A","HSIM - 01","AN6B","PART",0.031,0,"N/A",YES,NO,NO,NO,"OPEN","🟢 Ready for Trimming Stage"
"2120926A-001","2120926A","2026-09-12","A","HSIM - 04","F364 16C","PART",9.33,3110,"INSPECTED",YES,NO,NO,NO,"INSPECTED","Ready for Packing Stage"
"2120926A-R01","2120926A","2026-09-12","A","HSIM - 04","F364 16C","RUNNER",3.84,0,"OPEN",YES,NO,NO,NO,"OPEN","Runner Scrap Weighment"
"2120926A-REJ-105629","2120926A","2026-09-12","A","HSIM - 04","F364 16C","PART",0.164,0,"N/A",YES,NO,NO,NO,"OPEN","🟢 Ready for Trimming Stage"
"2120926B-001","2120926B","2026-09-12","B","HSIM - 04","F364 16C","PART",8.74,2913,"INSPECTED",YES,NO,NO,NO,"INSPECTED","Ready for Packing Stage"
"2120926B-002","2120926B","2026-09-12","B","HSIM - 04","F364 16C","PART",7.17,2390,"OPEN",YES,NO,NO,NO,"OPEN","🟢 Ready for Trimming Stage"
"2120926B-003","2120926B","2026-09-12","B","HSIM - 04","F364 16C","PART",7.76,2587,"OPEN",YES,NO,NO,NO,"OPEN","🟢 Ready for Trimming Stage"
"2120926B-004","2120926B","2026-09-12","B","HSIM - 04","F364 16C","PART",8.05,2683,"OPEN",YES,NO,NO,NO,"OPEN","🟢 Ready for Trimming Stage"
"2120926B-005","2120926B","2026-09-12","B","HSIM - 04","F364 16C","PART",7.72,2573,"OPEN",YES,NO,NO,NO,"OPEN","🟢 Ready for Trimming Stage"
"2120926B-006","2120926B","2026-09-12","B","HSIM - 04","F364 16C","PART",5.97,1990,"OPEN",YES,NO,NO,NO,"OPEN","🟢 Ready for Trimming Stage"
"2120926B-R01","2120926B","2026-09-12","B","HSIM - 04","F364 16C","RUNNER",4.68,0,"OPEN",YES,NO,NO,NO,"OPEN","Runner Scrap Weighment"
"2120926B-R02","2120926B","2026-09-12","B","HSIM - 04","F364 16C","RUNNER",3.77,0,"OPEN",YES,NO,NO,NO,"OPEN","Runner Scrap Weighment"
"2120926B-R03","2120926B","2026-09-12","B","HSIM - 04","F364 16C","RUNNER",0.62,0,"OPEN",YES,NO,NO,NO,"OPEN","Runner Scrap Weighment"
"2120926B-R04","2120926B","2026-09-12","B","HSIM - 04","F364 16C","RUNNER",3.77,0,"OPEN",YES,NO,NO,NO,"OPEN","Runner Scrap Weighment"
"8120926A-001","8120926A","2026-09-12","A","HSIM - 01","F885 Y","PART",3.78,967,"OPEN",YES,NO,NO,NO,"OPEN","🟢 Ready for Trimming Stage"
"8120926A-002","8120926A","2026-09-12","A","HSIM - 01","F885 Y","PART",5.02,1284,"OPEN",YES,NO,NO,NO,"OPEN","🟢 Ready for Trimming Stage"
"8120926A-003","8120926A","2026-09-12","A","HSIM - 01","F885 Y","PART",4.22,1079,"OPEN",YES,NO,NO,NO,"OPEN","🟢 Ready for Trimming Stage"
"8120926A-REJ-110326","8120926A","2026-09-12","A","HSIM - 01","F885 Y","PART",0.003,0,"N/A",YES,NO,NO,NO,"OPEN","🟢 Ready for Trimming Stage"
"8120926B-001","8120926B","2026-09-12","B","HSIM - 01","F885 Y","PART",4.71,1152,"OPEN",YES,NO,NO,NO,"OPEN","🟢 Ready for Trimming Stage"
"8120926B-002","8120926B","2026-09-12","B","HSIM - 01","F885 Y","PART",4.57,1117,"OPEN",YES,NO,NO,NO,"OPEN","🟢 Ready for Trimming Stage"
"8120926B-003","8120926B","2026-09-12","B","HSIM - 01","F885 Y","PART",5.17,1264,"OPEN",YES,NO,NO,NO,"OPEN","🟢 Ready for Trimming Stage"
"8120926B-004","8120926B","2026-09-12","B","HSIM - 01","F885 Y","PART",4.84,1183,"OPEN",YES,NO,NO,NO,"OPEN","🟢 Ready for Trimming Stage"
"8120926B-005","8120926B","2026-09-12","B","HSIM - 01","F885 Y","PART",4.64,1134,"OPEN",YES,NO,NO,NO,"OPEN","🟢 Ready for Trimming Stage"
"8120926B-006","8120926B","2026-09-12","B","HSIM - 01","F885 Y","PART",5.42,1325,"OPEN",YES,NO,NO,NO,"OPEN","🟢 Ready for Trimming Stage"
"8120926B-007","8120926B","2026-09-12","B","HSIM - 01","F885 Y","PART",4.13,1010,"OPEN",YES,NO,NO,NO,"OPEN","🟢 Ready for Trimming Stage"
"8120926B-008","8120926B","2026-09-12","B","HSIM - 01","F885 Y","PART",4.44,1086,"OPEN",YES,NO,NO,NO,"OPEN","🟢 Ready for Trimming Stage"
"8120926B-REJ-110947","8120926B","2026-09-12","B","HSIM - 01","F885 Y","PART",0.235,0,"N/A",YES,NO,NO,NO,"OPEN","🟢 Ready for Trimming Stage"
"8120926B-LUMP-110947","8120926B","2026-09-12","B","HSIM - 01","F885 Y","PART",0.097,0,"N/A",YES,NO,NO,NO,"OPEN","🟢 Ready for Trimming Stage"
"46120926A-001","46120926A","2026-09-12","A","HSIM - 02","UMEAA","PART",2.85,1109,"OPEN",YES,NO,NO,NO,"OPEN","🟢 Ready for Trimming Stage"
"46120926A-R01","46120926A","2026-09-12","A","HSIM - 02","UMEAA","RUNNER",0.61,0,"OPEN",YES,NO,NO,NO,"OPEN","Runner Scrap Weighment"
"46120926A-REJ-111500","46120926A","2026-09-12","A","HSIM - 02","UMEAA","PART",0.054,0,"N/A",YES,NO,NO,NO,"OPEN","🟢 Ready for Trimming Stage"
"21120926A-001","21120926A","2026-09-12","A","HSIM - 04","DH7AA","PART",4.73,659,"OPEN",YES,NO,NO,NO,"OPEN","🟢 Ready for Trimming Stage"
"21120926A-002","21120926A","2026-09-12","A","HSIM - 04","DH7AA","PART",4.19,584,"OPEN",YES,NO,NO,NO,"OPEN","🟢 Ready for Trimming Stage"
"21120926A-003","21120926A","2026-09-12","A","HSIM - 04","DH7AA","PART",2.58,359,"OPEN",YES,NO,NO,NO,"OPEN","🟢 Ready for Trimming Stage"
"21120926A-004","21120926A","2026-09-12","A","HSIM - 04","DH7AA","PART",4.21,586,"OPEN",YES,NO,NO,NO,"OPEN","🟢 Ready for Trimming Stage"
"21120926A-005","21120926A","2026-09-12","A","HSIM - 04","DH7AA","PART",4.29,597,"OPEN",YES,NO,NO,NO,"OPEN","🟢 Ready for Trimming Stage"
"21120926A-006","21120926A","2026-09-12","A","HSIM - 04","DH7AA","PART",4.67,650,"OPEN",YES,NO,NO,NO,"OPEN","🟢 Ready for Trimming Stage"
"21120926A-R01","21120926A","2026-09-12","A","HSIM - 04","DH7AA","RUNNER",2.2,0,"OPEN",YES,NO,NO,NO,"OPEN","Runner Scrap Weighment"
"21120926A-REJ-112612","21120926A","2026-09-12","A","HSIM - 04","DH7AA","PART",0.14,0,"N/A",YES,NO,NO,NO,"OPEN","🟢 Ready for Trimming Stage"
"14120926A-001","14120926A","2026-09-12","A","HSIM - 05","HA715 - W501","PART",5.54,1215,"OPEN",YES,NO,NO,NO,"OPEN","🟢 Ready for Trimming Stage"
"14120926A-002","14120926A","2026-09-12","A","HSIM - 05","HA715 - W501","PART",5.25,1151,"OPEN",YES,NO,NO,NO,"OPEN","🟢 Ready for Trimming Stage"
"14120926A-003","14120926A","2026-09-12","A","HSIM - 05","HA715 - W501","PART",5.05,1107,"OPEN",YES,NO,NO,NO,"OPEN","🟢 Ready for Trimming Stage"
"14120926A-004","14120926A","2026-09-12","A","HSIM - 05","HA715 - W501","PART",5.8,1272,"OPEN",YES,NO,NO,NO,"OPEN","🟢 Ready for Trimming Stage"
"14120926A-005","14120926A","2026-09-12","A","HSIM - 05","HA715 - W501","PART",1.27,279,"OPEN",YES,NO,NO,NO,"OPEN","🟢 Ready for Trimming Stage"
"14120926A-R01","14120926A","2026-09-12","A","HSIM - 05","HA715 - W501","RUNNER",2.84,0,"OPEN",YES,NO,NO,NO,"OPEN","Runner Scrap Weighment"
"14120926A-REJ-112741","14120926A","2026-09-12","A","HSIM - 05","HA715 - W501","PART",0.022,0,"N/A",YES,NO,NO,NO,"OPEN","🟢 Ready for Trimming Stage"
"14120926A-LUMP-112741","14120926A","2026-09-12","A","HSIM - 05","HA715 - W501","PART",0.043,0,"N/A",YES,NO,NO,NO,"OPEN","🟢 Ready for Trimming Stage"
"B9120926A-001","B9120926A","2026-09-12","A","VIM - 02","9AB","PART",5.56,1794,"OPEN",YES,NO,NO,NO,"OPEN","🟢 Ready for Trimming Stage"
"B9120926A-002","B9120926A","2026-09-12","A","VIM - 02","9AB","PART",1.95,629,"OPEN",YES,NO,NO,NO,"OPEN","🟢 Ready for Trimming Stage"
"B9120926A-003","B9120926A","2026-09-12","A","VIM - 02","9AB","PART",2.53,816,"OPEN",YES,NO,NO,NO,"OPEN","🟢 Ready for Trimming Stage"
"B9120926A-R01","B9120926A","2026-09-12","A","VIM - 02","9AB","RUNNER",0.8,0,"OPEN",YES,NO,NO,NO,"OPEN","Runner Scrap Weighment"
"B9120926A-REJ-112859","B9120926A","2026-09-12","A","VIM - 02","9AB","PART",0.136,0,"N/A",YES,NO,NO,NO,"OPEN","🟢 Ready for Trimming Stage"
"W15120926A-003","W15120926A","2026-09-12","A","VSIM - 01","NA-LC","PART",2.86,2000,"OPEN",YES,NO,NO,NO,"OPEN","🟢 Ready for Trimming Stage"
"W15120926A-R01","W15120926A","2026-09-12","A","VSIM - 01","NA-LC","RUNNER",1.04,0,"OPEN",YES,NO,NO,NO,"OPEN","Runner Scrap Weighment"
"W15120926A-REJ-113216","W15120926A","2026-09-12","A","VSIM - 01","NA-LC","PART",0.031,0,"N/A",YES,NO,NO,NO,"OPEN","🟢 Ready for Trimming Stage"
"W15120926A-LUMP-113216","W15120926A","2026-09-12","A","VSIM - 01","NA-LC","PART",0.025,0,"N/A",YES,NO,NO,NO,"OPEN","🟢 Ready for Trimming Stage"